candidate_source_id,category,flow_captured,why_gap,access_method,automatable,priority,absent_from_registry_verified,primary_source_url,notes
gsa_iolp_real_property,financial,GSA-owned and -leased federal real property in PR (lease payments to PR landlords),"Federal-money-into-PR flow adjacent to procurement that the USAspending contract feed does not surface; IOLP explicitly covers Puerto Rico",data.gov bulk CSV (filter state=PR),True,P1,True,https://catalog.data.gov/dataset/inventory-of-owned-and-leased-properties-iolp,"Confirmed PR coverage in IOLP; CSV/GeoJSON download. Was P1 in 2026-06-14 backlog, still unpromoted."
us_congress_financial_disclosure,political,US House/Senate member financial disclosures + STOCK Act periodic transaction reports (assets/income/liabilities/trades),"No registry source captures federal legislators' personal finances/holdings; enables linking members to PR-relevant entities, contractors, and bond holders",House Clerk bulk XML feed + Senate eFD (scrape/parse),True,P1,True,https://disclosures-clerk.house.gov/FinancialDisclosure,"House Clerk publishes an annual bulk XML index; Senate eFD is per-filing. Adjacent to the political-finance family (fec/lda) but a distinct disclosure surface."
oeg_financial_disclosure,political,PR public-official annual financial disclosures (income/assets/liabilities) for ~9,000-10,000 executive-branch officials,"PR campaign finance (contralor_electoral) and comptroller audits (oficina_contralor) are present, but officials' personal financial disclosures are not; ties PR officials to the money graph",OEG CDPE+ portal (scrape),False,P1,True,https://reif.oeg.pr.gov/cdpeplus/,"CAVEAT: OEG restricted the public summary in ~2024 — per-transaction amounts now hidden and pre-2020 reports removed. Only aggregate totals are currently public. Access is partial and may need FOIA."
hmda_ffiec,financial,Home Mortgage Disclosure Act loan-application register — mortgage credit flows in PR,"Registry has institution-health sources (fdic/ncua/fhlb) but no mortgage-origination flow; adjacent to the lihtc/nmtc/opportunity_zones housing-finance lens",FFIEC/CFPB combined modified-LAR bulk download (filter state=PR),True,P2,True,https://ffiec.cfpb.gov/data-publication/modified-lar,"One combined national modified-LAR file covers all filers incl. PR; large but automatable. Carried over from 2026-06-14 backlog."
pr_ui_trust_fund,financial,PR unemployment-insurance trust-fund claims and benefit-payment activity (DOL ETA-5159),"Labor-side benefit flow absent; dol_whd_osha covers wage/hour/OSHA enforcement, not UI benefits",DOL ETA data downloads / data.gov bulk (state=PR),True,P2,True,https://oui.doleta.gov/unemploy/DataDownloads.asp,"PR is in the national ETA-5159 database alongside the 50 states. Lower-confidence revenue-side item promoted after verification."
pr_arbitrios_excise,financial,PR excise taxes (alcohol/tobacco/fuel/cement/sugar/plastics) — Hacienda SC-2225 series,"Own-source revenue hole: hacienda_sut_ivu covers IVU/SUT; excise/arbitrios is a separate Hacienda statistical series not otherwise captured",hacienda.pr.gov statistics (scrape/bulk tables),False,P2,True,https://hacienda.pr.gov/inversionistas/estadisticas-y-recaudos-statistics-and-revenues,"Named in the 2026-06-14 backlog remaining-revenue list; still unpromoted."
prac_pandemic_oversight,financial,PRAC consolidated pandemic spending (SLFRF/SVOG/RRF/PPP) + IG findings,"High overlap with existing slfrf/sba_ppp/usaspending — worth it only as a curated pandemic-tag crosswalk + oversight-findings layer, not a primary table",PandemicOversight.gov data exports (bulk),True,P3,True,https://www.pandemicoversight.gov/news-and-resources/data,"Deliberately low priority: mostly a re-cut of data already ingested; evaluate as enrichment."
faa_aip_grants,financial,FAA Airport Improvement Program grants to PR airports (LMM/SJU and regional),"Federal aviation grants may be partially inside usaspending; a dedicated AIP feed would disambiguate airport capital funding",FAA AIP grant history (bulk/scrape),True,P3,True,https://www.faa.gov/airports/aip,"Low-confidence — likely partial overlap with usaspending_prime; scope before intake."
ffiec_call_reports,financial,Bank Call Reports (institution-level condition/income) for PR-domiciled banks,"Adjacent to fdic (which is summary-level); Call Reports add institution-level detail",FFIEC CDR bulk data (automatable),True,P3,True,https://cdr.ffiec.gov/public/,"Low-confidence — overlaps fdic institution-health coverage; intake only if institution-level granularity is needed."
