relative_path,file_name,source_system,row_count,column_count,size_bytes,empty_or_header_only,validation_status,year_coverage_pct,entity_match_rate_pct,duplicate_rate,sha256
data/canonical_v1/contracts.csv,contracts.csv,unknown,3,15,1456,False,present,,,0.0,f0bad43fe0f63f6e767cf2d58f332df02014741fd23d0c86ac7c63609eefe486
data/canonical_v1/debt_instruments.csv,debt_instruments.csv,unknown,20,13,5708,False,present,,,0.0,886d9c3dbd87195c412fa945d56bf54d7c2a2fc5bdc800cd30af324c70e78523
data/canonical_v1/edges.csv,edges.csv,unknown,64,13,14577,False,present,,,0.0,b549c89b883805231adb273f57b7fb477b8cbf9af957ba83cf52d6afaea142a9
data/canonical_v1/entities.csv,entities.csv,unknown,26,11,6353,False,present,,,0.0,30efad51a0fe1bdeebe6edf9666696fe15af674cc51734733785241e414f6663
data/canonical_v1/evidence.csv,evidence.csv,unknown,232,10,63519,False,present,,,0.0,08d2a3d0e049f69bf4954e4b68a39b1e2de69241a7a36b8bcec37559a5a0400c
data/canonical_v1/funding_sources.csv,funding_sources.csv,unknown,4,11,820,False,present,,,0.0,dc3d9339e325bd5e7fc85a6ef7e0118a327b3dadfe63b76bd8758f5b23cc5d27
data/canonical_v1/lobbying_records.csv,lobbying_records.csv,unknown,3,15,1031,False,present,,,0.0,9aab0c8c0b5771719f8294c2af37ab221d1ba3dc088c6b0fa2b8def3610d899c
data/canonical_v1/municipalities.csv,municipalities.csv,unknown,78,10,13108,False,present,,,0.0,4f7de46ba65ce9066e642fce7ca8661594311b60b0c794b85545a48f0ba31291
data/canonical_v1/people.csv,people.csv,unknown,60,11,10469,False,present,,,0.0,10abe4f0210d9c56e182aee9f28eb018c31059105dd58deb617c897a0aa2ffdd
data/canonical_v1/projects.csv,projects.csv,unknown,5,16,1808,False,present,,,0.0,0ac12e7fadce2f64c781a0d5f900769257513e3b22f66bc3ede1fa0be9119995
data/canonical_v1/properties.csv,properties.csv,unknown,4,13,1374,False,present,,,0.0,7780256370af86b91e8193957963c26d89a85128294729aa9d67864e2e602ba7
data/canonical_v1/revenue_streams.csv,revenue_streams.csv,unknown,0,12,160,True,empty_or_header_only,,,,4503f26fe7f3e38f4720239b203cb87a48d6a30fc458d820f1e8b91e66e41913
data/canonical_v1/review_queue.csv,review_queue.csv,unknown,0,11,127,True,empty_or_header_only,,,,587a8210dd02ef3b0df9920c938765e5f7314f8196e7df52a9f82c4926e28b4c
data/canonical_v1/roles.csv,roles.csv,unknown,7,12,1353,False,present,,,0.0,fdf030378b405f4de958f96c4e83e5bc4ffae8d36c40e84fdffae656fdcdd965
data/exports/acquisition_package_r4_8g.json,acquisition_package_r4_8g.json,unknown,19,19,2415,False,present,,,,b9e29b3179ab0bcb910d4179f98079f30a13f5a4a1529a755384280aa07fefd6
data/exports/artifact_lineage_audit.csv,artifact_lineage_audit.csv,unknown,7,16,4405,False,present,,,0.0,4c67c587ba6a6ceb0acf7bdc5b0992c1b1c0758ec4ff634127468af54c4bccd8
data/exports/backfill_execution_plan_r4_6.csv,backfill_execution_plan_r4_6.csv,unknown,21,14,10681,False,present,,,0.0,5b57533a137edb89211ff3c5c8d828dc603ae77c034a448eb66536921d3f3bbb
data/exports/backfill_execution_plan_r4_6_status.json,backfill_execution_plan_r4_6_status.json,unknown,8,8,540,False,present,,,,34ba3ad7b8bcb91600ba7b4446465b280ae9627bf93616683319bdb410821ea9
data/exports/backfill_failure_remediation_matrix_r4_8c.csv,backfill_failure_remediation_matrix_r4_8c.csv,unknown,21,16,27323,False,present,,,0.0,6ab1be5f7b6b91ce6fbb9b11d5fe9c4592e1252b49487ed4e5acf2d0220008d8
data/exports/backfill_failure_remediation_status_r4_8c.json,backfill_failure_remediation_status_r4_8c.json,unknown,24,24,2181,False,present,,,,3d07aa41c67b09b370dc50ff5367952e6c3e5e8097f501571beef664c6bbedc0
data/exports/backfill_readiness_matrix_r4_8a.csv,backfill_readiness_matrix_r4_8a.csv,unknown,21,23,28011,False,present,,,0.0,f39847c8539bdd92cfc92e353815be7c8b510aa33d048574cae1ac5a1465b6e2
data/exports/backfill_readiness_status_r4_8a.json,backfill_readiness_status_r4_8a.json,unknown,20,20,1691,False,present,,,,0e2cb8bd728ee4ff33ac0ae74113ab37c3081f7d498fc5e53b779e4319727546
data/exports/backfill_runner_manifest_r4_7.csv,backfill_runner_manifest_r4_7.csv,unknown,21,18,32519,False,present,,,0.0,f90eaea25bee7298e523f13cb9cc5fb0a7c1e3807612f51204bc9529e7eb6a04
data/exports/backfill_runner_plan_r4_7.json,backfill_runner_plan_r4_7.json,unknown,23,23,31619,False,present,,,,241d102ecc4538071ca8f605e199f4314a66285ce65eddc4b981152e4188c3bf
data/exports/cache_reuse_audit.csv,cache_reuse_audit.csv,unknown,7,12,2507,False,present,,,0.0,3e6f6bbd6d3614ac5d8d7f7e64079e09ecd64dfd650027fa67186f3371066746
data/exports/canonical_v1_federation/entities.jsonl,entities.jsonl,unknown,,,133160,False,error,,,,0da5865f2a875d441e7578283d7aeddf5deeed3aa2af6daabf75637a5ef89251
data/exports/canonical_v1_federation/manifest.json,manifest.json,unknown,8,8,464,False,present,,,,f7f1472c323d60643d5737ac570c88b9261dd8b2a6316cea53d66c3904d8ac6d
data/exports/canonical_v1_federation/relationships.jsonl,relationships.jsonl,unknown,,,44710,False,error,,,,67b77a310678cfd5bb832f2dad4d405e30bcc3ca5b300a1237c2ee96369436e6
data/exports/canonical_v1_federation/sources.jsonl,sources.jsonl,unknown,,,2810576,False,error,,,,81e0d9712a457d61b677ae7f2daa8f12c0d5840edc1ac86696f6eb43beb21f50
data/exports/controlled_backfill_execution_results_r4_8b.csv,controlled_backfill_execution_results_r4_8b.csv,unknown,21,29,28947,False,present,,,0.0,71549f16033f07767c2b5cf75db6428fabe1fae2418a56fe9f2a880cf178b53e
data/exports/controlled_backfill_execution_status_r4_8b.json,controlled_backfill_execution_status_r4_8b.json,unknown,21,21,1947,False,present,,,,c98121222618a36444b17bba4a08ebe95a3ee40d59dc40888315eb10a5ad548b
data/exports/controlled_backfill_manifest_r4_8.csv,controlled_backfill_manifest_r4_8.csv,unknown,21,18,12716,False,present,,,0.0,de5357b8bc2d37c005ed262fcf646de4c954dec84c23d8a19154a41280b05ec0
data/exports/controlled_backfill_plan_r4_8.json,controlled_backfill_plan_r4_8.json,unknown,27,27,2044,False,present,,,,1dfdbfbd7468f85a89e506dfc33263ae7002e9329edb6066bb8ed5eda0b4c51e
data/exports/credential_unblock_plan_r4_8g.csv,credential_unblock_plan_r4_8g.csv,unknown,9,11,3377,False,present,,,0.0,dc435ca0ac6ae492a8731f720565601c35bd704c9feadf445815b5629027d6a5
data/exports/credentialed_endpoint_retry_results_r4_8h.csv,credentialed_endpoint_retry_results_r4_8h.csv,unknown,9,20,3600,False,present,,,0.0,38ec86581cc31c9ed3756bdb6cea9557383d147435a68df43351a7aefe321178
data/exports/delivered_source_validation_report_r4_9c.csv,delivered_source_validation_report_r4_9c.csv,unknown,0,11,176,True,empty_or_header_only,,,,6b4aac4038d19d3b7548b15eb20207d509585dff85b5c9e0138dfd507ee3b65b
data/exports/dependency_security_audit_r4_9z_e.json,dependency_security_audit_r4_9z_e.json,unknown,28,28,3649,False,present,,,,7d2ac037819225692b5d7768bfd3cf1e50db4545cd62280547844b34557c954f
data/exports/endpoint_patch_retry_report_r4_8f.csv,endpoint_patch_retry_report_r4_8f.csv,unknown,9,18,3631,False,present,,,0.0,74098f06c3bbc9e3cd004e79d2e80ba810f7cdae8566819aa39d2b94042517ac
data/exports/endpoint_resolution_report_r4_8e.csv,endpoint_resolution_report_r4_8e.csv,unknown,9,12,2302,False,present,,,0.0,97a206df9b53dc9926049ddcceb4ea81f1c1ff2b1484430ee51c7cbfd21a646f
data/exports/entity_collapse_diagnostics.csv,entity_collapse_diagnostics.csv,unknown,8,5,869,False,present,,,0.0,42e8ead6b4a2cfcf60e8ed020c17cc94a64000700dab7503c91cfb777170c48b
data/exports/entity_universe_audit.csv,entity_universe_audit.csv,unknown,18,14,3173,False,present,,,0.0,0f7a32ffa1a6b650c1f9cd560d29d5c63e6cb356a3c4499dd638dd47c7474d2b
data/exports/external_acquisition_blocker_package_r4_8i.json,external_acquisition_blocker_package_r4_8i.json,unknown,8,8,13097,False,present,,,,5c3a92ba29950deafc323ec0e859d4fd4d437ed596bc2c250de58c4c5e65bac6
data/exports/external_blocker_freeze_matrix_r4_9d.csv,external_blocker_freeze_matrix_r4_9d.csv,unknown,21,16,37291,False,present,,,0.0,ad4e4cc3ba9ecd50c80f545837168903f5f44fb2e471f459f396a00bfdb4a6a4
data/exports/external_blocker_freeze_status_r4_9d.json,external_blocker_freeze_status_r4_9d.json,unknown,18,18,711,False,present,,,,0f88ae8c883757960f4ef79eb6e1e94903021262268eb26724113d17f2e473ac
data/exports/external_source_delivery_results_r4_9c.csv,external_source_delivery_results_r4_9c.csv,unknown,21,13,5404,False,present,,,0.0,6d3bc7cd0fff08f8f5734c42b53c84393b8d44207a6392a56a1b17d97270e685
data/exports/external_source_delivery_status_r4_9c.json,external_source_delivery_status_r4_9c.json,unknown,18,18,716,False,present,,,,5db75c39526f6829f3c682dbb7bcd8a037f90f55815476fb53e6e3fb6d1227bf
data/exports/final_backfill_retry_results_r4_8h.csv,final_backfill_retry_results_r4_8h.csv,unknown,14,10,3185,False,present,,,0.0,113a2ddaea829f3b2d4d0447b88b33ae0685dd1683d9ead469079beb25960672
data/exports/final_source_recovery_results_r4_8i.csv,final_source_recovery_results_r4_8i.csv,unknown,14,9,2959,False,present,,,0.0,6ced2e670bba4f17b14759a771d596c44b3265b8095dca215d9db1fbe8d13d52
data/exports/final_source_recovery_status_r4_8i.json,final_source_recovery_status_r4_8i.json,unknown,23,23,2723,False,present,,,,e63a80b371e05f5e6100eaead101a6db4dd612fdfbe3fa2b83aa0e8a663f8a9c
data/exports/import_slots_r4_7.csv,import_slots_r4_7.csv,unknown,0,9,151,True,empty_or_header_only,,,,1b4a9025677057219d859dcd3987da766a453b933c98275c9ebd1904a32202b2
data/exports/manual_fallback_inventory_r4_8e.csv,manual_fallback_inventory_r4_8e.csv,unknown,14,17,41179,False,present,,,0.0,0481870f84ab8e338c4e5dc8cda3981a82fcbb711c934bc2260d0ae7fb1b98f9
data/exports/manual_fallback_package_r4_8e.json,manual_fallback_package_r4_8e.json,unknown,5,5,48287,False,present,,,,3b7b2a032ca20f0eef520cff8dffd274ae856f143f921cf51abd762ec3939452
data/exports/manual_file_acquisition_matrix_r4_8g.csv,manual_file_acquisition_matrix_r4_8g.csv,unknown,14,12,42868,False,present,,,0.0,779f2fd52f1a173a04eaf9674899bb9580638597413a4bca194dfd1f72418162
data/exports/manual_fulfillment_endpoint_retry_status_r4_8h.json,manual_fulfillment_endpoint_retry_status_r4_8h.json,unknown,26,26,2612,False,present,,,,eeb10e34296595665a268439205552295fc3ac024c73a67dd8b77068a26837c4
data/exports/manual_fulfillment_results_r4_8h.csv,manual_fulfillment_results_r4_8h.csv,unknown,14,21,21244,False,present,,,0.0,cb4d1a19b577524128b6507b657965d243b28c959ae1309deb1256c18609c6e9
data/exports/manual_import_dropzone_inventory_r4_8f.csv,manual_import_dropzone_inventory_r4_8f.csv,unknown,14,21,21605,False,present,,,0.0,11cbe84e19302a397bb68063190fc3fc9ecbfd39b79c5943a259ac6ac59967b6
data/exports/manual_import_dropzone_status_r4_8f.json,manual_import_dropzone_status_r4_8f.json,unknown,26,26,2898,False,present,,,,9b002d320a9a41e3d866c2a0706bc10677f6d4b3fd414039becfdd45315f24e7
data/exports/manual_import_validation_r4_8.csv,manual_import_validation_r4_8.csv,unknown,0,12,197,True,empty_or_header_only,,,,b05b9ee3fa0f08360238201e472d8cbde76279dcbf20c9cd1a9e7618174960fb
data/exports/master_input_recovery_audit.csv,master_input_recovery_audit.csv,unknown,21,10,2748,False,present,,,0.0,5ab0621fefe69f21b52d6bb6067553a4294cab92f039cb43f15cdbc38fde3c72
data/exports/master_input_recovery_audit.json,master_input_recovery_audit.json,unknown,19,19,2333,False,present,,,,0392608ae5c4624de3df4b0249711182b0c201cfaf459ea309306bb787c01ba4
data/exports/partial_master_rebuild_gap_report_r4_9a.csv,partial_master_rebuild_gap_report_r4_9a.csv,unknown,21,6,1882,False,present,,,0.0,09a97b1b2609f23756f200adbec776fb508f313c07fca18cbfc9761c2ed2380b
data/exports/partial_master_rebuild_inputs_r4_9a.csv,partial_master_rebuild_inputs_r4_9a.csv,unknown,21,14,11362,False,present,,,0.0,ade9fe8f7b364267b6a5737da6eb5466cb590d52d01afdd3525c1fadbb4bebac
data/exports/partial_master_rebuild_lineage_report_r4_9a.csv,partial_master_rebuild_lineage_report_r4_9a.csv,unknown,21,12,10501,False,present,,,0.0,42c0cc0fa1542ebb6d7423e6cff46a7d8e6a85f6ffbb2c7bbf6a4f273f7d9217
data/exports/partial_master_rebuild_status_r4_9a.json,partial_master_rebuild_status_r4_9a.json,unknown,22,22,2427,False,present,,,,46eaa18cb0387aafa12033caee3d5edafab672f49133a8df6daa48b6b477c3df
data/exports/partial_rebuild_retry_inputs_r4_9b.csv,partial_rebuild_retry_inputs_r4_9b.csv,unknown,7,14,3926,False,present,,,0.0,07b33f6461ee959cfe7d9275eb53667295277d94854b333495a9e71b4ca8795f
data/exports/partial_rebuild_retry_lineage_report_r4_9b.csv,partial_rebuild_retry_lineage_report_r4_9b.csv,unknown,7,12,3537,False,present,,,0.0,a6f13cf432a10c90d9c478146d57e194358e93d218d7e8dc4a20ab06b7796803
data/exports/partial_rebuild_retry_status_r4_9b.json,partial_rebuild_retry_status_r4_9b.json,unknown,16,16,617,False,present,,,,983a459e75887d70dc93b11c381a38a91af62f11907beaa6baccf555deb55bcc
data/exports/post_pause_hygiene_matrix_r4_9z_a.csv,post_pause_hygiene_matrix_r4_9z_a.csv,unknown,18,7,1432,False,present,,,0.0,a72c021e68362120223dbdf1785875819d998776cadd420ed8d7f2a613db2c3a
data/exports/post_pause_hygiene_status_r4_9z_a.json,post_pause_hygiene_status_r4_9z_a.json,unknown,14,14,570,False,present,,,,0f76420f69e3f60427d06c8efd995852b32a4dc279eaba6a0eb4169d27bdc0a0
data/exports/producer_failure_resolution_report_r4_8e.csv,producer_failure_resolution_report_r4_8e.csv,unknown,5,10,2150,False,present,,,0.0,bf05cac53260c6b9d7db228f7c2cd9d1bf221b91db85aae3439e68e33a7463e1
data/exports/producer_patch_retry_report_r4_8f.csv,producer_patch_retry_report_r4_8f.csv,unknown,2,17,2150,False,present,,,0.0,40e8ecbe243368fe38f8f657f6aedc1e90ca951621afb6ef2a2d1f8c3e592118
data/exports/production_status.json,production_status.json,unknown,8,8,1438,False,present,,,,ad02568165e7c41774f2d442bd869341bbe7c050a28a7ae0e8c9a1e8e2bc59cd
data/exports/raw_usaspending_candidate_matches_r4_9h.csv,raw_usaspending_candidate_matches_r4_9h.csv,unknown,24,19,38557,False,present,,,0.0,889767b42064b52b6cb55fb8fd40199a63a3c556d2addee9d047ab32f25e6e81
data/exports/raw_usaspending_discovery_status_r4_9h.json,raw_usaspending_discovery_status_r4_9h.json,unknown,17,17,638,False,present,,,,b96ed66b6cdaba01d5d2878d58be3274dda3b8ea0d30f0cada804600401627ca
data/exports/raw_usaspending_file_inventory_r4_9h.csv,raw_usaspending_file_inventory_r4_9h.csv,unknown,104,16,58298,False,present,,,0.0,76ff2f940cb11dab9b711451d6cd9a5bb594df28bdb2ba9422084077fac90131
data/exports/raw_usaspending_mapping_feasibility_matrix_r4_9h2.csv,raw_usaspending_mapping_feasibility_matrix_r4_9h2.csv,unknown,24,21,32998,False,present,,,0.0,6895ac64995da7acbae0123af1eaa23e8452640f2f6fda29d97f6f68ae3ceef0
data/exports/raw_usaspending_mapping_feasibility_status_r4_9h2.json,raw_usaspending_mapping_feasibility_status_r4_9h2.json,unknown,14,14,485,False,present,,,,2f4b615b4b005f10511819535874671577fdd836d0111233f84274e6bf49ec2f
data/exports/raw_usaspending_validation_report_r4_9h.csv,raw_usaspending_validation_report_r4_9h.csv,unknown,24,19,38557,False,present,,,0.0,889767b42064b52b6cb55fb8fd40199a63a3c556d2addee9d047ab32f25e6e81
data/exports/rebuild_status.json,rebuild_status.json,unknown,407,407,27892,False,present,,,,f0fea7970e6cecb2058292cccabf3d6cbc204f54c75551b742bc6efc69598aa7
data/exports/repo_quality_matrix_r4_9z_b.csv,repo_quality_matrix_r4_9z_b.csv,unknown,31,7,3007,False,present,,,0.0,0f6a13bc2bbcac13c546d48e75ddf0aca8cc04f32cf7cc2097025b44d38b63b6
data/exports/repo_quality_status_r4_9z_b.json,repo_quality_status_r4_9z_b.json,unknown,14,14,482,False,present,,,,d94071b847bc946b6afa6559c1180872cd49680f17bc65b7ea8dfa891d941424
data/exports/schema_alignment_report_r4_8d.csv,schema_alignment_report_r4_8d.csv,unknown,7,17,8811,False,present,,,0.0,f124510c0702199cf0533df961029f1d6af47ef2aa7a26caddfcad1e976b402d
data/exports/scoped_partial_rebuild_lineage_r4_9g.csv,scoped_partial_rebuild_lineage_r4_9g.csv,unknown,21,13,6247,False,present,,,0.0,fe21bcdbbeca14d4663323311d95383ca564d4e8eaa26ac2ca05bd70bebc9c86
data/exports/scoped_partial_rebuild_status_r4_9g.json,scoped_partial_rebuild_status_r4_9g.json,unknown,23,23,1405,False,present,,,,aeb2d7a76f8139deddc70f33b3acf749726ae61b45f816166dd1d96cfa0059f2
data/exports/scoped_unfreeze_candidates_r4_9g.csv,scoped_unfreeze_candidates_r4_9g.csv,unknown,5,19,9316,False,present,,,0.0,1f8619843c3249d1391d6bc2497f9afb83646b944607dd95ca559c9216cb2a71
data/exports/scoped_unfreeze_status_r4_9g.json,scoped_unfreeze_status_r4_9g.json,unknown,22,22,858,False,present,,,,a6df019056279adf95644b5f90774d2e1b443a1d0e8a0df4e5ae6b45bd425a7d
data/exports/scoped_unfreeze_validation_report_r4_9g.csv,scoped_unfreeze_validation_report_r4_9g.csv,unknown,5,19,9316,False,present,,,0.0,1f8619843c3249d1391d6bc2497f9afb83646b944607dd95ca559c9216cb2a71
data/exports/source_coverage_audit.csv,source_coverage_audit.csv,unknown,21,14,2807,False,present,,,0.0,8282b107646c4ca8ab63d5d994f7e5120cac547df8038bb62037b52e25095d37
data/exports/source_delivery_handoff_status_r4_9e.json,source_delivery_handoff_status_r4_9e.json,unknown,14,14,563,False,present,,,,f2b45f9a029939692cbe23b124c2241165c0cb3179f039022e7028c0eae43613
data/exports/source_delivery_handoff_summary_r4_9e.csv,source_delivery_handoff_summary_r4_9e.csv,unknown,21,9,7931,False,present,,,0.0,8921b633e6995cdc1fe46af242a8db6c9e6ef2e1bd2a95b685a6789070b948ea
data/exports/source_delivery_watch_results_r4_9f.csv,source_delivery_watch_results_r4_9f.csv,unknown,21,15,8280,False,present,,,0.0,3e8c4f3bf613e4ee9e028f662de8303c3836715958024847736ac9dc8b1e3e93
data/exports/source_delivery_watch_status_r4_9f.json,source_delivery_watch_status_r4_9f.json,unknown,15,15,598,False,present,,,,06b1f117d4e76253a4ef3b4f95edab9e7beff58e6b8a4c391f63cde8019eaf94
data/exports/source_field_completeness.csv,source_field_completeness.csv,unknown,0,4,54,True,empty_or_header_only,,,,7fba590ed4093d770c0e533bcef0b465a02471b9f40c84dbdc1369e3f607d041
data/exports/source_input_recovery_audit.csv,source_input_recovery_audit.csv,unknown,21,10,2913,False,present,,,0.0,b2c795390edc6657b8ca570c93a3dc717480cb0e8ee2d4deb0a61d9989e8e698
data/exports/source_input_recovery_status.json,source_input_recovery_status.json,unknown,11,11,1305,False,present,,,,a0181558f5894a4fe138242f22c0bd8e330a1293a81fff87e69693f2e12a25c5
data/exports/source_manifest_inventory_r4_8.csv,source_manifest_inventory_r4_8.csv,unknown,21,10,4685,False,present,,,0.0,af93629a1c7fa88e29f1181b0b227a27352625101d7237ba40b7b47ed5a947ff
data/exports/source_materialization_results_r4_9b.csv,source_materialization_results_r4_9b.csv,unknown,7,21,3880,False,present,,,0.0,073dbd4e015622126c9351799c5b35eeea3614e627abab98656ace6e7cec6824
data/exports/source_materialization_status_r4_9b.json,source_materialization_status_r4_9b.json,unknown,8,8,314,False,present,,,,1018e2250861b4605e581762bf1c247b25a3c4d67715efc8ce08a313981ecb86
data/exports/source_recovery_pause_matrix_r4_9z.csv,source_recovery_pause_matrix_r4_9z.csv,unknown,21,10,10206,False,present,,,0.0,5fcce69b1700eee2a1183bd8cadc220a061862e36c4926dffc9c8a66fc483a34
data/exports/source_recovery_pause_status_r4_9z.json,source_recovery_pause_status_r4_9z.json,unknown,14,14,552,False,present,,,,0166715ae43d4365aa705b1cbbc76225763f8c888296c8bbc9e2328ccd88d9ad
data/exports/targeted_backfill_retry_results_r4_8d.csv,targeted_backfill_retry_results_r4_8d.csv,unknown,21,24,11682,False,present,,,0.0,b37a98a75c4aeccecd4848dcab3b6f234f61151804e174e61445dd541bc54c7a
data/exports/targeted_backfill_retry_status_r4_8d.json,targeted_backfill_retry_status_r4_8d.json,unknown,21,21,2296,False,present,,,,b9a16564e2ffe7021d6a25d8c343b3d0e9c81bcc8f27347d34efa6fcefee18da
data/exports/test_categorization_status_r4_9z_f.json,test_categorization_status_r4_9z_f.json,unknown,18,18,1771,False,present,,,,2f9d91f4f2118367464786f80ace62e336a24ed6e2fad154245609cf61883518
data/exports/test_inventory_r4_9z_f.csv,test_inventory_r4_9z_f.csv,unknown,53,7,9488,False,present,,,0.0,0165dde87eb2e0560ee47b50edd2e8aa98a8cf7c2052886a6408d0eaf8bde6df
data/exports/validated_source_manifest_inventory_r4_8b.csv,validated_source_manifest_inventory_r4_8b.csv,unknown,0,12,164,True,empty_or_header_only,,,,ec03732b73f02a5d465458f1da04c92b56a7b1a95fec553a14c5a6d3376ae26a
data/exports/validated_source_manifest_inventory_r4_8d.csv,validated_source_manifest_inventory_r4_8d.csv,unknown,7,12,2416,False,present,,,0.0,ef5815c0989637272039c0001b5442a6656c0796ce52aebb596994831d56867c
data/exports/validated_source_manifest_inventory_r4_8f.csv,validated_source_manifest_inventory_r4_8f.csv,unknown,7,12,2416,False,present,,,0.0,9f065a2e1fafc7b17a350f5914d45976c9be94f1cd9d6a225973a1611c25dbc9
data/exports/validated_source_manifest_inventory_r4_8h.csv,validated_source_manifest_inventory_r4_8h.csv,unknown,7,12,2416,False,present,,,0.0,9f065a2e1fafc7b17a350f5914d45976c9be94f1cd9d6a225973a1611c25dbc9
data/exports/validated_source_manifest_inventory_r4_8i.csv,validated_source_manifest_inventory_r4_8i.csv,unknown,7,12,2416,False,present,,,0.0,9f065a2e1fafc7b17a350f5914d45976c9be94f1cd9d6a225973a1611c25dbc9
data/exports/validated_source_manifest_inventory_r4_9c.csv,validated_source_manifest_inventory_r4_9c.csv,unknown,7,12,2416,False,present,,,0.0,9f065a2e1fafc7b17a350f5914d45976c9be94f1cd9d6a225973a1611c25dbc9
data/manifests/aafaf/20260617T195232Z.json,20260617T195232Z.json,unknown,8,8,1668,False,present,,,,f570d1be68dd15406f80c5898810ef5ecaa827c8c4233ce1b21b01c736c5b303
data/manifests/agency_master.json,agency_master.json,unknown,8,8,488,False,present,,,,d89df1197c30e1424a96754da1c8978416384142585b57a2efeb13c790ab5124
data/manifests/analyst_reports_manifest.json,analyst_reports_manifest.json,unknown,8,8,1600,False,present,,,,8ea4c4e0de23a7554937cfbf6b9682589515911765b014bf98244fb0f5daaa44
data/manifests/canonical_v1/contracts.json,contracts.json,unknown,11,11,392,False,present,,,,2e5fb4e09fd8b91e1e814d912a8326f1251c348c91f092c7bf48101097a8fdee
data/manifests/canonical_v1/debt_instruments.json,debt_instruments.json,unknown,10,10,479,False,present,,,,5170c74a0b686c200f783cdc7263746478629fd54f7e6dfe9c74da287bd5258a
data/manifests/canonical_v1/edges.json,edges.json,unknown,9,9,528,False,present,,,,3e81f1d80b10842916df82db4ce9b343da620a4f2eaa3a3d170e41427c476e09
data/manifests/canonical_v1/entities.json,entities.json,unknown,8,8,388,False,present,,,,0c90f7eb74ddf0adf58c7d2b4cdbadcf9cef218f95142d9a87349fdf23217c0b
data/manifests/canonical_v1/funding_sources.json,funding_sources.json,unknown,8,8,398,False,present,,,,4012e73f6ea9978c0b9776cf42069ed2d1bead22afa648d5ea1eba19ac55b1b4
data/manifests/canonical_v1/lobbying_records.json,lobbying_records.json,unknown,11,11,387,False,present,,,,53648764c6858476b826f6d50d429bda958235988cd6b876cea8a173f3c390fb
data/manifests/canonical_v1/municipalities.json,municipalities.json,unknown,10,10,418,False,present,,,,9b362a9bd56f1eba00bce9e75aee9dfa5f250eea5583fb6f3ea7b2d2f21fb5d3
data/manifests/canonical_v1/people.json,people.json,unknown,9,9,653,False,present,,,,a83129f6ec00377211be6e56426019ffc75228fe86c88361659353ce59c59ca0
data/manifests/canonical_v1/projects.json,projects.json,unknown,10,10,441,False,present,,,,35d78431f62fcb400d2e64bbd6fdb999a85c87042a21d0c2959ce263fd2fae14
data/manifests/canonical_v1/properties.json,properties.json,unknown,11,11,441,False,present,,,,15bc409f40fbfddee29a08f31dfbfc717eb9ecf43aa416a0fc04ef61e6b4d0d3
data/manifests/canonical_v1/roles.json,roles.json,unknown,8,8,308,False,present,,,,b659bfe776e22233d347bb0c41c5777900b35a40b80e68398d8903c5c717a4c8
data/manifests/chip/20260617T195233Z.json,20260617T195233Z.json,unknown,8,8,1628,False,present,,,,347db9a1ca0c9aaf14c2e50cc9e06481c4f59acf9941158beeb05f78cddb4e8b
data/manifests/cofina/20260617T195232Z.json,20260617T195232Z.json,unknown,8,8,1662,False,present,,,,226976e411d9402978fd62744b4ac512be31574c2a3983d6200224e52fb59e36
data/manifests/compras_pr/20260617T195232Z.json,20260617T195232Z.json,unknown,8,8,2033,False,present,,,,eee86b058a8eed3f8629bc69ef68f470c50064537e1903ee4f49f4787da7d73d
data/manifests/congressional_earmarks/20260617T195233Z.json,20260617T195233Z.json,unknown,8,8,1387,False,present,,,,08741d2629a08accfcfcde871f243472e67868e21aa1f3e791c7a44d1add68c9
data/manifests/cor3/20260515T122910Z.json,20260515T122910Z.json,unknown,7,7,440,False,present,,,,bca10b7baeb280f52e5d3079220bca836d273301602b536445d46d3bb949806c
data/manifests/cor3/20260617T195232Z.json,20260617T195232Z.json,unknown,8,8,1220,False,present,,,,e358c44ff1e4790b3fc3e053d1dce27924dfd314294253eb09b0f6a24d02cee2
data/manifests/cor3/20260703T121610Z.json,20260703T121610Z.json,unknown,8,8,1220,False,present,,,,d97ca709f0d9faf8aeee889f92a884a502589dabcb814db18aa7360942a70507
data/manifests/creditor_mapping.json,creditor_mapping.json,unknown,8,8,383,False,present,,,,1352387397aa354cee5a7fb72a7a74e1d531e3ada66c46e3db6efcc689ab2494
data/manifests/dashboard_explorer.json,dashboard_explorer.json,unknown,7,7,418,False,present,,,,7c02b1a55c7fdecd6ee6a64ead9b1c0bc31a75051426f6ed287e22e328f7e5f0
data/manifests/dcaa_active_contractors/20260617T195232Z.json,20260617T195232Z.json,unknown,8,8,1212,False,present,,,,386521b30ce3da192e5263a4d0926ef535d5331ee48a7841d761e6c6145de0b0
data/manifests/debt_instruments.json,debt_instruments.json,unknown,10,10,545,False,present,,,,f9b8dc349dbf259ad681143a9ac2a43bb6ef757f401d93f0739b5691ccbbf10d
data/manifests/doe_grants/20260617T195233Z.json,20260617T195233Z.json,unknown,8,8,2359,False,present,,,,411db7a493d59b15fe4e3c48c22a98c662bb9f2d3ea5c4ed7a2de816eea22f8b
data/manifests/doj_grants/20260617T195233Z.json,20260617T195233Z.json,unknown,8,8,2228,False,present,,,,38fd85c8384ffba73a6a79792e21d14e583984031aa1432c2377496d1fd964bb
data/manifests/dol_whd_osha/20260617T195233Z.json,20260617T195233Z.json,unknown,8,8,1894,False,present,,,,b913dd62b605fd99f35c513d093d2b4ccd30206e4634a43aa276dfb4aebdd0fc
data/manifests/dot_grants/20260617T195233Z.json,20260617T195233Z.json,unknown,8,8,2265,False,present,,,,e38fb22fcf1740673ee04cb88398a1d08a9e0e5d856c89b3df044212b17ce4ac
data/manifests/ed_grants/20260617T195233Z.json,20260617T195233Z.json,unknown,8,8,2283,False,present,,,,2019ee145e7af4c447036cd9ad96146fc91e7f062464b315484203f588a03ca0
data/manifests/eia_power_sector/20260617T195232Z.json,20260617T195232Z.json,unknown,8,8,1587,False,present,,,,957725e0b8016f43c1a9c9a9c3cbc540851711d8aad5f0bb82d023343f4cbb12
data/manifests/emma_bonds/20260515T110217Z.json,20260515T110217Z.json,unknown,8,8,1862,False,present,,,,f164816f6d85511200f4ebc7a11a7f39ad16c954db43844b8c1e7d52a5a6ec7d
data/manifests/emma_bonds/20260617T195232Z.json,20260617T195232Z.json,unknown,8,8,3341,False,present,,,,4438054d7a19010e7705fc690e5c4ae1395b4ef97231df6cf6bf4b73aac66664
data/manifests/emma_bonds/20260703T121610Z.json,20260703T121610Z.json,unknown,8,8,3341,False,present,,,,1c949a997172bdc0a185e880fe64856236eef74bdb1f74685cc20bab527c9634
data/manifests/entity_aliases.json,entity_aliases.json,unknown,8,8,411,False,present,,,,c15908364e7d91a01889b982714e9da6ab56331f956a6de7aacd3b0ad0b09cd8
data/manifests/entity_master.json,entity_master.json,unknown,8,8,418,False,present,,,,adc7b1e2da82eb3fa6f15952b28d35539e12b7490d6664d927847d25010cff87
data/manifests/entity_parent_map.json,entity_parent_map.json,unknown,8,8,504,False,present,,,,6677e2b90b5fe78ceede5761ebd550bd5c093620fbf2269759ba267311cfc8f5
data/manifests/entity_resolution_review_queue.json,entity_resolution_review_queue.json,unknown,8,8,407,False,present,,,,32042792aea32a9aad34e8f84e20927a12ff1ac1f7efb9a1c78cdb84a1fa3f58
data/manifests/epa_grants/20260617T195233Z.json,20260617T195233Z.json,unknown,8,8,2227,False,present,,,,f3a3da5c9adcca891fc1e749a8ee0ff88145f622593af9f98041fa0637c3c2b9
data/manifests/execution_chains/20260515T124029Z.json,20260515T124029Z.json,unknown,7,7,484,False,present,,,,6e5fc17c00cee4d0aa6d789f7c19a48befed5cd98c903ffd213f2da5f24ad34b
data/manifests/fcc_usf/20260617T195233Z.json,20260617T195233Z.json,unknown,8,8,1669,False,present,,,,19ac42bdb9934ee25c129bd0faec110b5c87e88ff5380c0f5c7a22579684cc11
data/manifests/fdic/20260617T195233Z.json,20260617T195233Z.json,unknown,8,8,4678,False,present,,,,4ec2bab38e185b35a4167d484d0c42fdc505e4d75146b967a0b233840a958622
data/manifests/fec/20260512T045853Z.json,20260512T045853Z.json,unknown,8,8,2103,False,present,,,,8e4eee369c03f77875bfbba5a124e43769258e8521df55ea24e0ee4f92bf06f3
data/manifests/fec/20260515T122910Z.json,20260515T122910Z.json,unknown,7,7,445,False,present,,,,d4f471da14121023e0cfdb045fac80ec27382a990ca27cf721015660366038b6
data/manifests/fec/20260617T195233Z.json,20260617T195233Z.json,unknown,8,8,2176,False,present,,,,d7c7f55f8ee6b38c706186103cf9861fb6a13e4fb8ed9bec3603185688b24e6a
data/manifests/fema_hmgp/20260617T195232Z.json,20260617T195232Z.json,unknown,8,8,2027,False,present,,,,eab12f3d2d6cf918de58489cdd09008a0644010f549e8d21eb2c7eefec767dcd
data/manifests/fema_pa_openfema_v2/20260512T045853Z.json,20260512T045853Z.json,unknown,8,8,2065,False,present,,,,0bff00fa9f7e9bcb09c7968bccc77d1ad86d10f37a2cdf995e5e249fbc23a393
data/manifests/fema_pa_openfema_v2/20260515T122910Z.json,20260515T122910Z.json,unknown,7,7,458,False,present,,,,d75fd74dc2c933481f1fb135d0eb7a087057e67979950e766cb3b3c1bad7edd0
data/manifests/fema_pa_openfema_v2/20260617T195232Z.json,20260617T195232Z.json,unknown,8,8,2077,False,present,,,,0d70ceb6c6d49da78e7971bee6f9592725426fcb07612ecd9d8c59815bf7e6fc
data/manifests/fema_pa_openfema_v2/20260703T121610Z.json,20260703T121610Z.json,unknown,8,8,2048,False,present,,,,983cf2d29e4ce604b6455caf8e400847b291f8bddec2d5f20bcee53e6901bca4
data/manifests/fhlb/20260617T195233Z.json,20260617T195233Z.json,unknown,8,8,1641,False,present,,,,73d65f52fc907d1e3c191370b9c0d17de62ffa7cc97ad8e1b31f5a2bdd1a0c91
data/manifests/fiscal_control_events.json,fiscal_control_events.json,unknown,9,9,650,False,present,,,,f2a4eaf99f20bb0f323433b6c58f53f77a9ee48c731c15abd76aec83d1f96bb1
data/manifests/foia_letters.json,foia_letters.json,unknown,7,7,361,False,present,,,,61300af629deed55b11bf4601c4e7f4d5263e7d132349be45af9c161735f3a87
data/manifests/foia_priority_queue.json,foia_priority_queue.json,unknown,9,9,484,False,present,,,,fdfc3be1a26dd3602bcc6ea52fefa562b9a923af249cdead533511988a5662a8
data/manifests/foia_yield_tracking.json,foia_yield_tracking.json,unknown,8,8,406,False,present,,,,8ee6d679af0fc2cf412c9f7a267c6afc839aedf3a4f994959463a10dc6d3a0ee
data/manifests/follow_the_money/20260617T195233Z.json,20260617T195233Z.json,unknown,8,8,4514,False,present,,,,668d0a85223d7e4c2756847ba9c33d7b5332655d6ef41fdcd6a19b388cc0f556
data/manifests/fred_timeseries/20260617T195232Z.json,20260617T195232Z.json,unknown,8,8,1524,False,present,,,,9a3563e9b2d10ab34d44ebe5acbaf41b5384200b1298d127bbb196b29cc2badc
data/manifests/fsrs_subawards/20260515T122910Z.json,20260515T122910Z.json,unknown,7,7,453,False,present,,,,5f0fb1a0ce45d7d56d71558b58dcb966fd07dad9bc1a2806077843af8e474a27
data/manifests/fsrs_subawards/20260617T195232Z.json,20260617T195232Z.json,unknown,8,8,2046,False,present,,,,25fd93ed4c7c5c8989300fdcd660740fcdddeb8280fc61e7607fd291c17a29eb
data/manifests/fsrs_subawards/20260703T121610Z.json,20260703T121610Z.json,unknown,8,8,2046,False,present,,,,2d2cf49d4fb95df9d16893bf0ccd3e969a650238b8eca0b9f54dcccdb6a31afd
data/manifests/gao_ig_audits/20260617T195233Z.json,20260617T195233Z.json,unknown,8,8,1734,False,present,,,,9b393fa55c93a20a872caf622d71f4facd1bbf642a1b68bcc77d5de829ea1eca
data/manifests/geo_reason_codes.json,geo_reason_codes.json,unknown,9,9,418,False,present,,,,4db7db80ab0d975704480dfef2ac1f080893e1f09d1936ae062f1d8371d841fd
data/manifests/gis_layer_manifest.json,gis_layer_manifest.json,unknown,7,7,367,False,present,,,,8324ddeec338bc28377753bce7436c0ef7befe3f944912d7ad01ddeaf0240df1
data/manifests/gleif_lei/20260617T195233Z.json,20260617T195233Z.json,unknown,8,8,2871,False,present,,,,e0f91d36e6bb75c7b689a53780bc2df433bfd29c3c2243eb8cc0c05f47be296f
data/manifests/grants_gov/20260617T195244Z.json,20260617T195244Z.json,unknown,8,8,2646,False,present,,,,24ae00bfcf72208135a4e77a3d24d6b7cee10ccce296e8581c0339a6198a4358
data/manifests/graph_export.json,graph_export.json,unknown,11,11,937,False,present,,,,cea0a8efcff31200e6c722b42f6574f9193eb82bc2faae6439c25459813fb998
data/manifests/hacienda/20260617T195232Z.json,20260617T195232Z.json,unknown,8,8,1530,False,present,,,,e1e1c8fbcd5bd4aaefb277535d81e637538a0c67385e726bf6bd68008792cdd4
data/manifests/hhs_grants/20260617T195233Z.json,20260617T195233Z.json,unknown,8,8,2455,False,present,,,,8206fdc7726826415b9cf4380f9ce75931783c2c30fff7e72f41c40bf76aeba0
data/manifests/highergov_supplemental/20260617T195232Z.json,20260617T195232Z.json,unknown,8,8,565,False,present,,,,d3e70011b7ba78738b98ca3371cc95d501ad4c03ece5d35cd5c0af26421bbd73
data/manifests/hq_bias_correction.json,hq_bias_correction.json,unknown,7,7,369,False,present,,,,3d39d8654f79682ea4ed6affaff3f41a227ce8ea6d847949dd1bb2e019463bd3
data/manifests/hud_cdbg_dr_public/20260515T000000Z.json,20260515T000000Z.json,unknown,9,9,481,False,present,,,,bb73ad89b640cf3e9393d15b46032337a31d86c4dbdc6d11d1b49345c2c277b4
data/manifests/hud_cdbg_dr_public/20260617T195232Z.json,20260617T195232Z.json,unknown,8,8,2272,False,present,,,,ccb28579ea4141813ddf97cdc45ef2d5187d3b593037737b814a8c8a3f08b94f
data/manifests/hud_cdbg_dr_public/20260703T121610Z.json,20260703T121610Z.json,unknown,8,8,2272,False,present,,,,1d18fd49de50b3bd46319402cfa5f8d6cb1be5fbb9f6a0846a0ff052e382d9e8
data/manifests/hud_hcv_section8/20260617T195232Z.json,20260617T195232Z.json,unknown,8,8,1752,False,present,,,,d64cedf1dea5f5b20652ce42b8dc5c9f3d5ed53084ad68f6ba5dae828776bf71
data/manifests/influence_edges.json,influence_edges.json,unknown,9,9,729,False,present,,,,84ea0fba6a0ef07f2233351b3de0f83d666e1ce01833e8f0ab961605d2f0069f
data/manifests/lda/20260512T045853Z.json,20260512T045853Z.json,unknown,8,8,2626,False,present,,,,641b9dd6fe1db712446b61c496fd4369127892bdc80b146b05c90f47e740ddd6
data/manifests/lda/20260515T122910Z.json,20260515T122910Z.json,unknown,7,7,439,False,present,,,,fa62a6d0134cec98132db160dc71fcd1a544b306ed6679121a2215fa210e6a4b
data/manifests/lda/20260617T195233Z.json,20260617T195233Z.json,unknown,8,8,23399,False,present,,,,12864950bb86aeb54cb6e11ae712b26d5a137b624524a3d083535e8717595821
data/manifests/lda/20260703T121611Z.json,20260703T121611Z.json,unknown,8,8,4471,False,present,,,,228118342d68ee4b52d9d30531a0d692d99c6f735a9b9848fe8c87c13b4a444a
data/manifests/medicaid_fmap/20260617T195233Z.json,20260617T195233Z.json,unknown,8,8,2279,False,present,,,,cbdef03cedc97e2e51ecc06b4af1556e9ab805c333a01f194abfa70730f4282a
data/manifests/medicare_advantage/20260617T195233Z.json,20260617T195233Z.json,unknown,8,8,1945,False,present,,,,38dca9295a8463cbb2e502469d5237e2f1ef0d1441a436cc08f95b0057f5fe68
data/manifests/medicare_parts/20260617T195233Z.json,20260617T195233Z.json,unknown,8,8,1673,False,present,,,,6675c4c61cd273c0ab1c5f2c3003c091fbbc782801c8a96dab11e9dbb062266a
data/manifests/msrb_rtrs_trades/20260617T195232Z.json,20260617T195232Z.json,unknown,8,8,1216,False,present,,,,8746f4cd1972b35012f6a7db7b5a4afa7b5817f4329aba48cd69cb9e4105f2a5
data/manifests/municipal_finance/20260617T195232Z.json,20260617T195232Z.json,unknown,8,8,1549,False,present,,,,0ff6a6f8f0ea67580a678879fbaa1e4cbc025e0c6deafdf990d6a8ccb378d767
data/manifests/municipality_crosswalk.json,municipality_crosswalk.json,unknown,8,8,438,False,present,,,,86225494d080b5323ae6b17772b3b403f61eadb45c917585164679de5e42b919
data/manifests/ncua/20260617T195233Z.json,20260617T195233Z.json,unknown,8,8,1799,False,present,,,,9fbfd42092181854539f9a30a87d45724f5e87032a5888861e55fbb1e4d129e9
data/manifests/nfip_claims/20260617T195233Z.json,20260617T195233Z.json,unknown,8,8,1410,False,present,,,,e04babe09b7ba907bd4ab31a3391701bda3d74b1b8b36072fd9912b2dfc6cf8f
data/manifests/nih_reporter/20260617T195233Z.json,20260617T195233Z.json,unknown,8,8,2186,False,present,,,,d770623ff60e33d100fc08c1966924d5b3760ee8736373fe527532ecbac996df
data/manifests/nonprofits_irs990/20260617T195233Z.json,20260617T195233Z.json,unknown,8,8,2123,False,present,,,,c5468e5edd3b20490be2214efa26ad586335d2bc2886f9388dfb8e64eaabad06
data/manifests/ofac_sdn/20260617T195233Z.json,20260617T195233Z.json,unknown,8,8,1384,False,present,,,,b21c32d6d9a78f88370e6d117ef74d399151fbb88948915b717a3eda4f3f58eb
data/manifests/oficina_contralor/20260515T122910Z.json,20260515T122910Z.json,unknown,7,7,461,False,present,,,,8efdec30b2148c84d96bc2946d9efe2616ca75a9d42b642bd8ef0169d0e2b819
data/manifests/oficina_contralor/20260617T195232Z.json,20260617T195232Z.json,unknown,8,8,1293,False,present,,,,6e6c1be4fe7b48a0c8e6f575dc671b1b6a37caccd9924110fce98fe563c6b3b1
data/manifests/oia_grants/20260617T195233Z.json,20260617T195233Z.json,unknown,8,8,2222,False,present,,,,c3e4be84d2056b8d9dd98b1c05644875b2ef1b3c738fe53cdad6a4a244245a4c
data/manifests/p3_authority/20260617T195232Z.json,20260617T195232Z.json,unknown,8,8,1873,False,present,,,,f0afe86c3061985ae267b76a8243776a5d398f8222462daf1377101d0d80cbac
data/manifests/person_master.json,person_master.json,unknown,7,7,334,False,present,,,,5f7ba301b6b66ef0f525c28ce7e69c2738c6cb4821c98095dd5b214d3d4454f1
data/manifests/pr_act_60_decrees/20260617T195232Z.json,20260617T195232Z.json,unknown,8,8,1671,False,present,,,,5e61e7d96270ad8854411b85edfeb9ce62301efa7ab81db1c9bc90222f4139a3
data/manifests/pr_cabilderos/20260515T122910Z.json,20260515T122910Z.json,unknown,7,7,448,False,present,,,,3c54b3006f8e920b9a848fa439c644845653f0825fabddb7eec3f4caa3780ed7
data/manifests/pr_cabilderos/20260617T195233Z.json,20260617T195233Z.json,unknown,8,8,1273,False,present,,,,c7f479e7f2c35086a378faa70a1cb5762f8039b6fb9968e9d3424f2f42858ca6
data/manifests/pr_corporate_registry/20260617T195233Z.json,20260617T195233Z.json,unknown,8,8,1264,False,present,,,,e1864942edf66f481243d3cbf8a82aee377ee487ba47b7a3dc6a90a9ee2afca6
data/manifests/pr_pensions/20260617T195232Z.json,20260617T195232Z.json,unknown,8,8,1957,False,present,,,,41591ebf5d886dd21903091baa53d43e8420fe208e6ebcea3a8b2d76e0319859
data/manifests/prasa/20260515T122910Z.json,20260515T122910Z.json,unknown,7,7,445,False,present,,,,53b12d138302fbfd6ab5a843143e99297e3060a37c8fff09768f971f03d3ce11
data/manifests/prasa/20260617T195232Z.json,20260617T195232Z.json,unknown,8,8,1246,False,present,,,,48696af4d781c1de5d3f8c830383567f5612c10d2e4f15381bf3a4f306b9e5c1
data/manifests/prepa_luma_genera/20260617T195232Z.json,20260617T195232Z.json,unknown,8,8,1711,False,present,,,,909c0949b5a9ed0325d3bf25a754be0200487517899b81db6bf68ff4d5b23c23
data/manifests/promesa_creditors/20260617T195232Z.json,20260617T195232Z.json,unknown,8,8,1758,False,present,,,,bbb117e23f7f1b67503c984f66105cf79240d4a81895a40a7533894f801f3bcf
data/manifests/r4_8d/08_pr_slfrf_master.manifest.json,08_pr_slfrf_master.manifest.json,unknown,11,11,498,False,present,,,,2db349a2ebb2ed4f32ee2969f02dcf2abce219958d2f8c96984f720e0067e553
data/manifests/r4_8d/10_pr_dot_master.manifest.json,10_pr_dot_master.manifest.json,unknown,11,11,507,False,present,,,,2eccff510326cd813fcd73f113e20de4d9e4483f244832d58732a81b5e420050
data/manifests/r4_8d/11_pr_usda_master.manifest.json,11_pr_usda_master.manifest.json,unknown,11,11,511,False,present,,,,159c08f7dd0d7813e02a6c499954cfd8c9f11929fc0b0f51cae046140a13464c
data/manifests/r4_8d/12_pr_doe_master.manifest.json,12_pr_doe_master.manifest.json,unknown,11,11,507,False,present,,,,7f329c0cd66191ccbbbb1a47be239d5016c4ff75ab096e5f74b9255eb61d48b8
data/manifests/r4_8d/13_pr_hud_master.manifest.json,13_pr_hud_master.manifest.json,unknown,11,11,495,False,present,,,,b6ae170c73596d3f1f889ca90e38176ca3094e53e35d6a52076be148ca280f0c
data/manifests/r4_8d/15_pr_epa_master.manifest.json,15_pr_epa_master.manifest.json,unknown,11,11,507,False,present,,,,c5fd73f95f4d6c69249b689b825ffcf569dd2bbd774fcb1dd393744ea76eef21
data/manifests/r4_8d/16_pr_usace_civil_master.manifest.json,16_pr_usace_civil_master.manifest.json,unknown,11,11,531,False,present,,,,2fe7bf8606bbfd83cf47731d7c5ee2dcb944a81f592f09b4a118580275c83169
data/manifests/r4_8d/17_pr_wioa_grants.manifest.json,17_pr_wioa_grants.manifest.json,unknown,11,11,511,False,present,,,,3b3d4d4a6905921f96ec4b3bc652c1726fe9fe9a6ecdc24839093cd80044132f
data/manifests/r4_9g/01_pr_contracts_master.csv.manifest.json,01_pr_contracts_master.csv.manifest.json,usaspending_prime,14,14,971,False,present,,,,4502dea3484ebb9703dce72e0259ce8aeb12042d4777a15d486e41b4a3841472
data/manifests/r4_9g/02_expansion_idv_indirect_pr.csv.manifest.json,02_expansion_idv_indirect_pr.csv.manifest.json,unknown,14,14,993,False,present,,,,7a9316ca3919ed988be6d94a62f634d733d1b9668026adac7bd1eaaa7f65ec3f
data/manifests/r4_9g/03_expansion_dod_upr_2001_2015.csv.manifest.json,03_expansion_dod_upr_2001_2015.csv.manifest.json,unknown,14,14,1002,False,present,,,,124722d5f156d0df35a7e97affb2921a3ab735a0c2168939a6f6b414422ba740
data/manifests/r4_9g/04_expansion_dod_upr_2016_2025.csv.manifest.json,04_expansion_dod_upr_2016_2025.csv.manifest.json,unknown,14,14,1002,False,present,,,,57268f240cc06cb3ad871686ceac2caa4bbd8ff1ed5f15dab36edcd5a3a389ee
data/manifests/r4_9g/05_expansion_reconstruction_2017_2025.csv.manifest.json,05_expansion_reconstruction_2017_2025.csv.manifest.json,unknown,14,14,1030,False,present,,,,86b1c528b902192e96f89336ea93e13e70ca82448bfbe6c8fcefd107c14c7c34
data/manifests/research_grants/20260617T195234Z.json,20260617T195234Z.json,unknown,8,8,3081,False,present,,,,503b5e0cb2b58dad0ca440c6beef86b727389599abf14d197f5fc11d25b59a58
data/manifests/rum_cover_over/20260617T195232Z.json,20260617T195232Z.json,unknown,8,8,1999,False,present,,,,b1ac78227722f30a99146c88e2cab1266ff982ab137432b4abc6ea833f49ed04
data/manifests/sam_entities/20260512T045852Z.json,20260512T045852Z.json,unknown,8,8,3451,False,present,,,,d147478f2b90ff5a966a1619f0ba9a32ecffe68bb7b81068088f341189d53bfb
data/manifests/sam_entities/20260515T122910Z.json,20260515T122910Z.json,unknown,7,7,661,False,present,,,,f594b915c48f10f053f9a60bf032bf34bc595d6dfe0ce89d7c3a5bea6f3d78b2
data/manifests/sam_entities/20260617T195232Z.json,20260617T195232Z.json,unknown,8,8,1874,False,present,,,,05606abc4ce64c9bcaa74e1c9b701d61dd93f20253de0ff457e690c9e5ebbab3
data/manifests/sam_entities/20260703T121610Z.json,20260703T121610Z.json,unknown,8,8,1954,False,present,,,,95056eccb545e2dc9ec269d633d6e6585b18df5bd3d8a3722874d09e0282f8bc
data/manifests/sam_exclusions/20260619T165621Z.json,20260619T165621Z.json,unknown,8,8,1900,False,present,,,,347bad22ea62c5fd5302889fad915c0b18a781a27329f4da9eca16591a306618
data/manifests/sba_loans/20260617T195233Z.json,20260617T195233Z.json,unknown,8,8,1948,False,present,,,,bee11f4e142787a721bf5c0a24ceacfb117b051b08b0fd3cce9807b39274dc43
data/manifests/sec_13f_nport/20260617T195233Z.json,20260617T195233Z.json,unknown,8,8,1875,False,present,,,,44102fd2225619872907ae236e69aaf86496ad94dc1890586c36d306a7dec68f
data/manifests/sec_edgar/20260617T195233Z.json,20260617T195233Z.json,unknown,8,8,3466,False,present,,,,b139d75394dcc631631ff567432a6e3fa5b0f1163162535c240c4d373b9807ea
data/manifests/sec_officers/20260617T195233Z.json,20260617T195233Z.json,unknown,8,8,1442,False,present,,,,e251dadbd8d6f5c2a96a96ca0fc0d044d1c27d4781a97340a45c2dfae7f34acd
data/manifests/slfrf/20260617T195233Z.json,20260617T195233Z.json,unknown,8,8,2173,False,present,,,,f73ca8a6a5c01411c782f5410dda57164f2af7732dc3db2ef71650513c84aab6
data/manifests/snap_nap/20260617T195233Z.json,20260617T195233Z.json,unknown,8,8,1863,False,present,,,,2552e1777fc6661a95fe174497508f6c52acee123df34305b400a5691b4618b3
data/manifests/source_drilldown.json,source_drilldown.json,unknown,8,8,774,False,present,,,,221e7275077b682b2b823854c769257fbd3cbf73fcced59fe22ec7049d016195
data/manifests/source_manifest.csv,source_manifest.csv,unknown,763,12,141243,False,present,,,0.0,409dada6de1fe813cba5aa695e84b5d26f1224a04e2ed007a9eb2dc27fdc4a12
data/manifests/source_manifest.json,source_manifest.json,unknown,7,7,967803,False,present,,,,9fb1da8447573e2689d12ab46877ed7c558a312c2089bb8146f4f65c5ba8741e
data/manifests/ssa/20260617T195233Z.json,20260617T195233Z.json,unknown,8,8,1692,False,present,,,,38ddebf243ff9d606f8bb7b4ec826dcf7cb8fb4acbb8f4c2e74e8805f5ac3d5f
data/manifests/staging_masters.json,staging_masters.json,unknown,4,4,22296,False,present,,,,715b050f8176e29652d66588730835850f4feb97b6d4b334d6201f37367ef2b5
data/manifests/usace_civil_works/20260617T195233Z.json,20260617T195233Z.json,unknown,8,8,2009,False,present,,,,9a98888e3cad0701aa111a10771bd5c4c236478e731746c0409e717c4885508a
data/manifests/usace_permits/20260617T195233Z.json,20260617T195233Z.json,unknown,8,8,1280,False,present,,,,14f7b017f570e4185c23aa3f592ddee4ad3198ffef2f77fb936ff30da63488f0
data/manifests/usaspending_prime/20260512T045846Z.json,20260512T045846Z.json,unknown,8,8,5846,False,present,,,,71f8115977040adbcddd917d8186cced3831c7b8e1e9657027618b942814d9ac
data/manifests/usaspending_prime/20260515T122910Z.json,20260515T122910Z.json,unknown,7,7,460,False,present,,,,f803b9bbfdda6f1f8888ade95302e7c12c2fd4bc256c0f60eb3281f83585eff1
data/manifests/usaspending_prime/20260617T195231Z.json,20260617T195231Z.json,unknown,8,8,6808,False,present,,,,b2c6a026b7e25adf0b875ed0cd9bca4751941df3fc737592d51ea70846444a6f
data/manifests/usaspending_prime/20260703T121610Z.json,20260703T121610Z.json,unknown,8,8,2777,False,present,,,,10077c599b3c17b9d435c63a563a3d4b1f9f6d5b83a78c4f6455456a7a120240
data/manifests/usaspending_subawards/20260515T000000Z.json,20260515T000000Z.json,unknown,9,9,491,False,present,,,,102b5cb0663da99cd5a8ba070469976cc93bd7af0d608b36d438914a98707a53
data/manifests/usaspending_subawards/20260515T122910Z.json,20260515T122910Z.json,unknown,7,7,462,False,present,,,,27a47217eb55c558eb2acaf67cc2d2bee30b77276c63fdc2591341d6a9420ca9
data/manifests/usaspending_subawards/20260617T195232Z.json,20260617T195232Z.json,unknown,8,8,4481,False,present,,,,11a0bf8770cdfc19eb054f8c5e13beda9c8ff097ce96ca7d13ba399cdd306901
data/manifests/usaspending_subawards/20260703T121610Z.json,20260703T121610Z.json,unknown,8,8,4442,False,present,,,,f2bc9d3afe46602e288cc36025d2df9bd43147cf9ac12d4dd5f932ed256faa65
data/manifests/usda_grants/20260617T195233Z.json,20260617T195233Z.json,unknown,8,8,2317,False,present,,,,a593a11786aee8a07d57dc427c0b59de1fb732973174521cbef0998874c4fb9e
data/manifests/va_benefits/20260617T195233Z.json,20260617T195233Z.json,unknown,8,8,1952,False,present,,,,6717fa62c7e5678bc3c9744c25c87e8ef4590cbf42ec7fdae9c99790194f1919
data/manifests/validation_gate_report.csv,validation_gate_report.csv,unknown,387,8,25047,False,present,,,0.0,99dfcf6a9361e67c4e442994913c9fb22e9ce7f4698d4990fd698cc86ba5066f
data/manifests/validation_report.json,validation_report.json,unknown,15,15,73858,False,present,,,,d5c3b363596a23e9f2c795eb799630dc42cbef9725ae5b11705bca4f3512e2a6
data/manifests/wic/20260617T195233Z.json,20260617T195233Z.json,unknown,8,8,1646,False,present,,,,5f60daebe66430ddaa85c5a03bbb25e99a34e03e5713aaa270e29ec188d121d5
data/manifests/wioa/20260617T195233Z.json,20260617T195233Z.json,unknown,8,8,2254,False,present,,,,a9f1374629d4fdfaf4ff92a9926120478cd8c51e082dbd036e857b86760c74f9
data/normalized/fema_pa_projects_v2.parquet,fema_pa_projects_v2.parquet,fema_pa_openfema_v2,,,1223601,False,present,,,,5dc8b3a7ab6d6127061f9c3f742e35e3dcec6d0eee3e5630e3ca9133bc857566
data/processed/alias_registry_top5.json,alias_registry_top5.json,unknown,4,4,4425,False,present,,,,64323fb5fab95459f967c300a8af777675ca9698866db98e761d49457a15bb47
data/processed/entities_resolved_top5.csv,entities_resolved_top5.csv,unknown,5,13,1510,False,present,,1.0,0.0,cc0b26fb342d6c9825737e9d82b2fafa4317f05997b451a806d5c6262f45d8fd
data/raw/act_transition/transition_contracts_extracted.csv,transition_contracts_extracted.csv,unknown,1797,18,420945,False,present,,,0.0038953811908736783,556fdd569525d5d4f4f24e72dca5b60f601a1fe1ba085f9395e9181a326fa160
data/raw/documents/documents_manifest.csv,documents_manifest.csv,unknown,30,7,8612,False,present,,,0.0,9e3c6d405bd0d6716c06d275cb81658267ab0525d8c243d94dca3824918d7eae
data/raw/documents/federal_register_pr_index.csv,federal_register_pr_index.csv,unknown,417,9,324250,False,present,,,0.0,6409be0d9ce3b4b1a4bb2597c698664a08d8052ea629180ba1ee31dc80a17d55
data/raw/follow_the_money/Municipal_Blind_Score_CORE6.csv,Municipal_Blind_Score_CORE6.csv,unknown,228,5,11296,False,present,,,0.0,03366f8e1850f38155ca4ea5b647c7c259fe7c8c7f7c21a3eddfeea4959382aa
data/raw/follow_the_money/facility_matches_cross_exam.csv,facility_matches_cross_exam.csv,unknown,4,4,646,False,present,,,0.0,717a4c0238fa76f8af5ba12df9ea1ef95d2ad8728bc1572ccb7079b3e2f7d1dc
data/raw/follow_the_money/municipality_political_federal_bridge.csv,municipality_political_federal_bridge.csv,unknown,71,12,15220,False,present,,,0.0,a7613c0ca4f67f2b3c687a22e6299ea9cb79d283929c9a19b730c2802964873d
data/reference/agency_master.csv,agency_master.csv,unknown,95,9,12582,False,present,,,0.0,11e88ab7df4049150cb1cad8d3ca19894db323c7f3324d6cc56fef0c30aee490
data/reference/canonical_v1_funding_links.csv,canonical_v1_funding_links.csv,unknown,4,6,859,False,present,,,0.0,c4c9a06c63a8b463650c39377d49f8ef9de69ec2310b5d1d2154e8a5b1337e8e
data/reference/canonical_v1_relationships_seed.csv,canonical_v1_relationships_seed.csv,unknown,20,9,3736,False,present,,,0.0,d61bcb6caf4dc104eaea099fc620ba64f05f43773f043bb851cedaab793af444
data/reference/creditor_mapping.csv,creditor_mapping.csv,unknown,14,9,1530,False,present,,,0.0,042c2f78af6d4a7d81ffdfcbde76d60a0d055486ca54fe71d475ea1047bf545a
data/reference/debt_instruments.csv,debt_instruments.csv,unknown,20,12,5031,False,present,,,0.0,e980aefe595d6c6ce55a4d73c47a99d7539d7b2b52b98a74259019b9bf811e8e
data/reference/entity_aliases.csv,entity_aliases.csv,unknown,224,8,23639,False,present,,,0.0,5d018756fed48ba1313ac32e893a985db19eba66670a4bc2369c162671f8ce03
data/reference/entity_master.csv,entity_master.csv,unknown,26,8,4343,False,present,,,0.0,63a98ac7c9b6d8a5746ca4a64577bad4e30639ef7009f1ebe7c4cc7cc2b4b0d4
data/reference/entity_parent_map.csv,entity_parent_map.csv,unknown,20,8,4469,False,present,,,0.0,2241c71289511c8ff12938d403dc3189899a6ace0bcc7271dda273ad893cf94b
data/reference/entity_parent_map_seed.csv,entity_parent_map_seed.csv,unknown,20,6,3685,False,present,,,0.0,31eee643d8e552c5ad75d7c64d5564592aad93ca9ff7442d1d39bc2a5d5f1d0c
data/reference/fiscal_control_events.csv,fiscal_control_events.csv,unknown,12,11,3788,False,present,,,0.0,4ab48e5007570d7ce27d8ce22dabf50866391f66976ae5058f3644483e02201e
data/reference/fiscal_control_events_seed.csv,fiscal_control_events_seed.csv,unknown,12,6,2781,False,present,,,0.0,30997586bba384b5f9b19dccc4bc614dda8b689e84836f67e432e4cfc797e357
data/reference/foia_priority_queue_seed.csv,foia_priority_queue_seed.csv,unknown,16,8,4469,False,present,,,0.0,bd18b70aac4de638e15f00a8be588de4bd3c5a0f2ec13b7a9988394962854bd3
data/reference/foia_requester.json,foia_requester.json,unknown,2,2,93,False,present,,,,39e67b99745afde8182f0761f34774bf0c0e79f041d64aab98b55ee67d9370c9
data/reference/fomb_board_roles.csv,fomb_board_roles.csv,unknown,7,11,1589,False,present,,1.0,0.0,db98a104a808816b9684c495c198a65e7a194aa7caca13899cb7cd8512faa114
data/reference/geo_reason_codes.csv,geo_reason_codes.csv,unknown,19,4,1992,False,present,,,0.0,92dccd706636ccdfc66f15a6d5abc5d54fa9df4b9e1a8ac36e6bbb8eb3666197
data/reference/hq_bias_correction.csv,hq_bias_correction.csv,unknown,4,3,669,False,present,,,0.0,6f11e654c5092ae32ae0d67a2e0b22f1763e91364fc5149c2a7da3c6d90229d7
data/reference/influence_edges.csv,influence_edges.csv,unknown,30,14,7483,False,present,,,0.0,d92eec35f7f51b24fe2600433d48e4f1da0af31460fba8d3a02d71c66f478fb2
data/reference/person_master.csv,person_master.csv,unknown,60,9,9964,False,present,,,0.0,0984c85aa0cbed5fea58ad103450aff2417896cadede72f5cb5a4d1009e73017
data/reference/pr_78_municipio_crosswalk.csv,pr_78_municipio_crosswalk.csv,unknown,78,7,7202,False,present,,,0.0,199246ebfb527e87b89bb1f54856ae8ddede922cf366a44e1aefe1472f5c23f3
data/reference/pr_funding_sources.csv,pr_funding_sources.csv,unknown,4,7,747,False,present,,,0.0,854c6411ecd95a6bdff6addc595150f181b6313a8507379d2486b458b9463d25
data/reference/pr_infrastructure_projects.csv,pr_infrastructure_projects.csv,unknown,5,14,1586,False,present,,,0.0,6ddbc8b4562fff1512ca21551e64d9f9a0f1c451e10116564bcbf020e105bac5
data/reference/pr_lobbying_records.csv,pr_lobbying_records.csv,unknown,3,13,876,False,present,,,0.0,1a1d1e8d5c43bb017fde1ca3e5c68e2320d2acafb68c89697fdf5cab96b14a96
data/reference/pr_municipalities.csv,pr_municipalities.csv,unknown,78,6,5326,False,present,,,0.0,36bf825bdbdc1668d00a8289604e269d4940583fc891feaf83c113fb4716367a
data/reference/pr_properties.csv,pr_properties.csv,unknown,4,12,1017,False,present,,,0.0,ffa9f9c54176338cd2ab4099d8bc6493a928de940b6ad5f13598983ee630058e
data/reference/pr_public_contracts.csv,pr_public_contracts.csv,unknown,3,14,1180,False,present,,,0.0,803bc2da48b19d56961043762b6ca4cc105348dd33138d9d5ab720a2f0a210b8
data/reference/pr_public_money_entities.csv,pr_public_money_entities.csv,unknown,26,5,3650,False,present,,,0.0,6404622b6003f773390c1fe28ea6fd3d5b6866215ae95c86f746f6f8dd8a28a0
data/reports/pr_report_summary.json,pr_report_summary.json,unknown,16,16,4668,False,present,,,,5efd05b06203f6abd1146889dc097dceda00ccf2b41441bcc441fc75d5928dfb
data/review_queue/backfill_execution_blockers_r4_8a.csv,backfill_execution_blockers_r4_8a.csv,unknown,0,6,68,True,empty_or_header_only,,,,0337db723293d4d8e10cc450986983cb2ddfedc77d8d24750fd0bd1e799e7c8e
data/review_queue/backfill_retry_order_r4_8c.csv,backfill_retry_order_r4_8c.csv,unknown,21,7,3212,False,present,,,0.0,7ddd74164b968685c29f4f0b07a5eca10fdce2c285d00433b79f1091113ac440
data/review_queue/backfill_retry_order_r4_8d.csv,backfill_retry_order_r4_8d.csv,unknown,21,9,3666,False,present,,,0.0,697388a28d6f2be41c7d04a435d295a6b717117afc45524b25c74abdd9cf82a1
data/review_queue/backfill_retry_order_r4_8e.csv,backfill_retry_order_r4_8e.csv,unknown,14,7,1815,False,present,,,0.0,c7298338effe98988883efa030843f808e68915dc78e6200493ede6aadb82769
data/review_queue/backfill_retry_order_r4_8f.csv,backfill_retry_order_r4_8f.csv,unknown,14,6,1676,False,present,,,0.0,c2ef38ffd79338d502291f11e3033020e9dd525f83339b261aed01cfbd30ee6c
data/review_queue/backfill_retry_order_r4_8g.csv,backfill_retry_order_r4_8g.csv,unknown,14,6,1676,False,present,,,0.0,c2ef38ffd79338d502291f11e3033020e9dd525f83339b261aed01cfbd30ee6c
data/review_queue/backfill_retry_order_r4_8h.csv,backfill_retry_order_r4_8h.csv,unknown,14,6,1676,False,present,,,0.0,c2ef38ffd79338d502291f11e3033020e9dd525f83339b261aed01cfbd30ee6c
data/review_queue/backfill_retry_order_r4_8i.csv,backfill_retry_order_r4_8i.csv,unknown,14,6,1676,False,present,,,0.0,c2ef38ffd79338d502291f11e3033020e9dd525f83339b261aed01cfbd30ee6c
data/review_queue/backfill_retry_order_r4_9c.csv,backfill_retry_order_r4_9c.csv,unknown,21,6,2593,False,present,,,0.0,22c66543f2c211c27dcdbb06ce562e77aa55b0ccf62efb686fe91d1dfb3a6e66
data/review_queue/backfill_runner_blockers.csv,backfill_runner_blockers.csv,unknown,0,3,46,True,empty_or_header_only,,,,c4527b5526e695626f76ade22cc7ee3319761b29fed9412180513a79c0e9106b
data/review_queue/controlled_backfill_blockers.csv,controlled_backfill_blockers.csv,unknown,0,6,77,True,empty_or_header_only,,,,fc6dbed741d9498552fb08059f680bd170abaac70da2903401167a98ed87674e
data/review_queue/controlled_backfill_execution_failures_r4_8b.csv,controlled_backfill_execution_failures_r4_8b.csv,unknown,21,9,3952,False,present,,,0.0,998008670fcddd40b93cd216f79f428788c1b9027a46db9ff5d955aec24fe68b
data/review_queue/credential_failures_r4_8b.csv,credential_failures_r4_8b.csv,unknown,0,8,109,True,empty_or_header_only,,,,c668db77a958a58321c68b97bcf694e4d8f59ee9b90fbf1036bff10f0a1a4221
data/review_queue/credential_requests_r4_8g.csv,credential_requests_r4_8g.csv,unknown,9,11,3377,False,present,,,0.0,dc435ca0ac6ae492a8731f720565601c35bd704c9feadf445815b5629027d6a5
data/review_queue/credentials_required_r4_8a.csv,credentials_required_r4_8a.csv,unknown,0,7,102,True,empty_or_header_only,,,,bddd50d50d74c49297d68505f32ad2d53ad761a6351641ac156e52f3d070f6b3
data/review_queue/credentials_still_required_r4_8h.csv,credentials_still_required_r4_8h.csv,unknown,0,13,246,True,empty_or_header_only,,,,3cfd607910f8341847b996221e0c4f9cba8b0351d7af26ca125ceb8ece24811b
data/review_queue/dependency_security_followups_r4_9z_e.csv,dependency_security_followups_r4_9z_e.csv,unknown,14,8,2787,False,present,,,0.0,11c3146f635ba2a9825db65a7081295b498c5404547ef850ac564625d513c605
data/review_queue/downstream_phase_blockers_r4_9d.csv,downstream_phase_blockers_r4_9d.csv,unknown,7,5,1195,False,present,,,0.0,00c013014df4bb87cd1814e472b9ab2c495eeaa52eaacef6305ab3516f263425
data/review_queue/downstream_phase_blockers_r4_9f.csv,downstream_phase_blockers_r4_9f.csv,unknown,7,6,1355,False,present,,,0.0,d50f52c66124e7a28e90784c75f604f63950b8ea5a6dbcc0efe76c66a65b5e5f
data/review_queue/downstream_phase_blockers_r4_9g.csv,downstream_phase_blockers_r4_9g.csv,unknown,7,7,1535,False,present,,,0.0,6d8e5769765ec090372b0a87b246c573201b1247819c74e9bb17319771f3abf8
data/review_queue/downstream_phase_blockers_r4_9z.csv,downstream_phase_blockers_r4_9z.csv,unknown,7,7,1408,False,present,,,0.0,c05e0a42304a5f3c40c23d4bd94722cbb4b5a2d475a7bd07578e86b2b272ceca
data/review_queue/endpoint_failures_remaining_r4_8f.csv,endpoint_failures_remaining_r4_8f.csv,unknown,9,10,2399,False,present,,,0.0,57a69f6130a3b196e9105e03e4bae9fde360473b9e4a47798d5a44318b45b0a5
data/review_queue/endpoint_followup_required_r4_8e.csv,endpoint_followup_required_r4_8e.csv,unknown,9,13,2469,False,present,,,0.0,2310abf4d0327b8597a7f492cefb6891b2632176359f6865ef34625e8d323e64
data/review_queue/endpoint_resolution_requests_r4_8g.csv,endpoint_resolution_requests_r4_8g.csv,unknown,9,10,2667,False,present,,,0.0,fa7bd5d79cff760967685be28d731f4452b41cf752cd1f3dbaa8a06c423706c7
data/review_queue/endpoints_still_blocked_r4_8h.csv,endpoints_still_blocked_r4_8h.csv,unknown,9,21,3740,False,present,,,0.0,f7ab38d93feea404158cee727666d5356cde97619225c3aa7374f092a0d7a32a
data/review_queue/endpoints_still_blocked_r4_8i.csv,endpoints_still_blocked_r4_8i.csv,unknown,9,21,3740,False,present,,,0.0,f7ab38d93feea404158cee727666d5356cde97619225c3aa7374f092a0d7a32a
data/review_queue/external_source_delivery_blockers_r4_9c.csv,external_source_delivery_blockers_r4_9c.csv,unknown,21,7,5130,False,present,,,0.0,72e1163d4f596c3bd15a1ca6470c9cd47eff22028d836191e1c572cf963535d0
data/review_queue/high_value_unresolved_entities.csv,high_value_unresolved_entities.csv,unknown,18,14,3173,False,present,,,0.0,0f7a32ffa1a6b650c1f9cd560d29d5c63e6cb356a3c4499dd638dd47c7474d2b
data/review_queue/manual_fallback_execution_queue_r4_8c.csv,manual_fallback_execution_queue_r4_8c.csv,unknown,21,10,29552,False,present,,,0.0,ef955c90dcccfbdb3c1d0ea4ab472a9b2c61450e41333197c07f6d8d0d544a85
data/review_queue/manual_fallback_remaining_r4_8d.csv,manual_fallback_remaining_r4_8d.csv,unknown,14,7,3502,False,present,,,0.0,75f47bca01470d7a93a05757eb578657ea58d177ee6c9dcef3df10ec3e539bc7
data/review_queue/manual_fallback_required_r4_8b.csv,manual_fallback_required_r4_8b.csv,unknown,21,6,3637,False,present,,,0.0,c62e86afdfe63db3335ef4f99ea28726b01049e58c513fc807c2abf58bdfc940
data/review_queue/manual_file_requests_r4_8g.csv,manual_file_requests_r4_8g.csv,unknown,14,13,43219,False,present,,,0.0,68395bcf2d645e61c214eac558f7c4dce03bfa694b7e98255ac80085ad159b0b
data/review_queue/manual_files_required_r4_8a.csv,manual_files_required_r4_8a.csv,unknown,0,9,138,True,empty_or_header_only,,,,b54ac9d4753112eedbff02399e201cbbe40fad13c0c2a1ec2a1ff8a645f0edbe
data/review_queue/manual_files_required_r4_8e.csv,manual_files_required_r4_8e.csv,unknown,14,18,41469,False,present,,,0.0,ad2bd69524dcf173720683b11440ae3ab648701ccd892c06b65681f479c182e5
data/review_queue/manual_files_still_required_r4_8f.csv,manual_files_still_required_r4_8f.csv,unknown,14,13,21083,False,present,,,0.0,901c0e2367544874b4b789730f20933e42e36cb7a13c0c0f02e1137ffea1f6f1
data/review_queue/manual_files_still_required_r4_8h.csv,manual_files_still_required_r4_8h.csv,unknown,14,13,20722,False,present,,,0.0,cf962fc625804038fbedc8c7216712827fc3f3aca38b96c0001dbfb872e87ca6
data/review_queue/manual_files_still_required_r4_8i.csv,manual_files_still_required_r4_8i.csv,unknown,14,13,20722,False,present,,,0.0,cf962fc625804038fbedc8c7216712827fc3f3aca38b96c0001dbfb872e87ca6
data/review_queue/manual_files_still_required_r4_9c.csv,manual_files_still_required_r4_9c.csv,unknown,14,10,8242,False,present,,,0.0,867b9cc534efbb7c490a492499a0073f2ae97d270a31b12130261fdf390c6bf3
data/review_queue/manual_import_slots_required.csv,manual_import_slots_required.csv,unknown,0,9,151,True,empty_or_header_only,,,,1b4a9025677057219d859dcd3987da766a453b933c98275c9ebd1904a32202b2
data/review_queue/manual_import_validation_errors.csv,manual_import_validation_errors.csv,unknown,0,12,197,True,empty_or_header_only,,,,b05b9ee3fa0f08360238201e472d8cbde76279dcbf20c9cd1a9e7618174960fb
data/review_queue/manual_source_download_queue.csv,manual_source_download_queue.csv,unknown,21,7,4346,False,present,,,0.0,477160bc32437f2b135c112a934fe8a48c5b42ee1dd63808be7ccf3609670ffc
data/review_queue/master_input_recovery_blockers.csv,master_input_recovery_blockers.csv,unknown,3,3,1368,False,present,,,0.0,cc2df5db9c65cd3b60d910087994a703fc8e861a4b19736e1ab4a4aaed5a888a
data/review_queue/no_data_sources_r4_8b.csv,no_data_sources_r4_8b.csv,unknown,1,6,295,False,present,,,0.0,098e565ed1bd1bc5f76df37135f5e0c425073505344d175cab8bb44849b6f10f
data/review_queue/partial_master_blockers_r4_9a.csv,partial_master_blockers_r4_9a.csv,unknown,27,6,4290,False,present,,,0.0,ddd419ff9229b6afd86bd5ff35d042b2325c182d950f290e9cf9719ee934725c
data/review_queue/partial_master_missing_inputs_r4_9a.csv,partial_master_missing_inputs_r4_9a.csv,unknown,21,6,3792,False,present,,,0.0,5452d174820ff8ab05e38cb1f5fa06568f99bf18eb98a0698620d60abd0429ea
data/review_queue/partial_rebuild_retry_blockers_r4_9b.csv,partial_rebuild_retry_blockers_r4_9b.csv,unknown,8,5,1268,False,present,,,0.0,6090351de5a2fb6acd4dcc936c7530e4a21b0b741fa5bf61cac36c9f4ba9cab3
data/review_queue/physical_validated_files_still_missing_r4_9c.csv,physical_validated_files_still_missing_r4_9c.csv,unknown,7,7,1858,False,present,,,0.0,88d663a4a246f227bfbb0f951cadb05f69485c54901656e58b5d82e088946eeb
data/review_queue/pr2_unresolved_entities.csv,pr2_unresolved_entities.csv,unknown,3618,13,1245367,False,present,,1.0,0.0,e3f4215b13f6c1863aabf75e3de7f10c62aaf24a5a4ac69e6562a176da866bdf
data/review_queue/producer_failures_remaining_r4_8f.csv,producer_failures_remaining_r4_8f.csv,unknown,2,10,1220,False,present,,,0.0,5c38a4c41a07368c3d5cd33cd07547bc6c2b9f22fd531c999cbfb90837149fe3
data/review_queue/producer_patch_remaining_r4_8e.csv,producer_patch_remaining_r4_8e.csv,unknown,2,11,1248,False,present,,,0.0,b44de8efc1c7aa5d4d595d8c92c60380b5697b0754099ee6c5d7c77cb2029dad
data/review_queue/producer_patch_requests_r4_8g.csv,producer_patch_requests_r4_8g.csv,unknown,2,8,1142,False,present,,,0.0,027b98c2118a84d7caef7c73513990e6c39010aae72ab8a6d98fbe07ab532d21
data/review_queue/producers_still_blocked_r4_8h.csv,producers_still_blocked_r4_8h.csv,unknown,2,21,2193,False,present,,,0.0,a276d55588ee0d5166c2be81f3c32f9f4de7c1cd7d9999cbf03b0ee3fab4d623
data/review_queue/producers_still_blocked_r4_8i.csv,producers_still_blocked_r4_8i.csv,unknown,2,21,2203,False,present,,,0.0,b650f3936253da4291235c2b65ff20981c525748a920ee83c7e5ff0efd6dc788
data/review_queue/production_blockers.csv,production_blockers.csv,unknown,3,5,315,False,present,,,0.0,3106e6816ec5f118dd8fec3fe5844702be7b8026a76e95a59f70ecb9c9a00f33
data/review_queue/raw_usaspending_rejected_candidates_r4_9h.csv,raw_usaspending_rejected_candidates_r4_9h.csv,unknown,24,19,38557,False,present,,,0.0,889767b42064b52b6cb55fb8fd40199a63a3c556d2addee9d047ab32f25e6e81
data/review_queue/raw_usaspending_transform_candidates_r4_9h2.csv,raw_usaspending_transform_candidates_r4_9h2.csv,unknown,0,21,435,True,empty_or_header_only,,,,4cd64f230d27bbd4aa78c5687eb4d9baa3e46724f8a5f63ad36ea281af1b5903
data/review_queue/raw_usaspending_transform_rejects_r4_9h2.csv,raw_usaspending_transform_rejects_r4_9h2.csv,unknown,24,21,32998,False,present,,,0.0,6895ac64995da7acbae0123af1eaa23e8452640f2f6fda29d97f6f68ae3ceef0
data/review_queue/raw_usaspending_unfreeze_candidates_r4_9h.csv,raw_usaspending_unfreeze_candidates_r4_9h.csv,unknown,0,19,306,True,empty_or_header_only,,,,f0ce86f2f2ef6d30a5cb5753e9478db74f8fdcf64a8f5c6b486797596c1e63a4
data/review_queue/repo_hygiene_followups_r4_9z_b.csv,repo_hygiene_followups_r4_9z_b.csv,unknown,1,6,197,False,present,,,0.0,dbb1e23a27da18bc07274d391f0781359dcf9fc92b1523d0cb82bb75d4553e31
data/review_queue/retry_suppression_queue_r4_9d.csv,retry_suppression_queue_r4_9d.csv,unknown,21,8,8585,False,present,,,0.0,b858eeddfe1fa3d543ebef88243ad67d68c08f8135a56b3e311e569e113e2d80
data/review_queue/schema_failures_r4_8b.csv,schema_failures_r4_8b.csv,unknown,7,9,4088,False,present,,,0.0,540c1373538c47a048b60b3acf7b9ee85c7db312378bec1fabd462121c6e1753
data/review_queue/schema_remediation_queue_r4_8c.csv,schema_remediation_queue_r4_8c.csv,unknown,7,9,7936,False,present,,,0.0,21c6069251f47d59fec2023b175e04da0f2aa4340a0216cfe24e32ccc17165d2
data/review_queue/schema_required_r4_8a.csv,schema_required_r4_8a.csv,unknown,0,6,94,True,empty_or_header_only,,,,2c4403555fab8e8073f169d08491049ba72e1748d11bdb60aa21c62bc92f6b55
data/review_queue/secrets_required_for_backfill.csv,secrets_required_for_backfill.csv,unknown,0,8,113,True,empty_or_header_only,,,,5fa8acaa70c61ea97f981b1df6d3aa87d86ec97f8df8b03e617efa4d062ebeff
data/review_queue/source_backfill_queue.csv,source_backfill_queue.csv,unknown,21,8,3164,False,present,,,0.0,3ed833e5380ce61326bd91856b6d874cdfa408c81064484c3df54ac3f7f0c2a5
data/review_queue/source_delivery_checklist_r4_9e.csv,source_delivery_checklist_r4_9e.csv,unknown,21,10,34117,False,present,,,0.0,c31c404d204023ce4403631c4f2bad2a56bb98835cdf494e43e7541a418a7958
data/review_queue/source_delivery_required_r4_9d.csv,source_delivery_required_r4_9d.csv,unknown,21,10,34117,False,present,,,0.0,fde7f2dfd32ab749e2c10fcf74767a95fffff84ad88d396d8c037b6e11b8c045
data/review_queue/source_delivery_still_missing_r4_9f.csv,source_delivery_still_missing_r4_9f.csv,unknown,16,9,22210,False,present,,,0.0,0890ae73636d57b83ffa997acae2905f84763dcd0743c86c5d58b71db17cb11e
data/review_queue/source_endpoint_review_queue_r4_8c.csv,source_endpoint_review_queue_r4_8c.csv,unknown,9,8,2396,False,present,,,0.0,147e132cbc2422c48ff0237e8a2279f7824be3c95f33ec130f7f1eaa58a78f45
data/review_queue/source_materialization_blockers_r4_9b.csv,source_materialization_blockers_r4_9b.csv,unknown,7,7,1692,False,present,,,0.0,e16725fb278512c9c371c177b5ee3a92b71bed416bff981e743d1e43c2af3760
data/review_queue/source_producer_fix_queue_r4_8c.csv,source_producer_fix_queue_r4_8c.csv,unknown,14,9,4019,False,present,,,0.0,4a0839febc75d12995656747289f74b49f8f1c6cb05b5ba94d3616c211ccb0a6
data/review_queue/source_recovery_resume_conditions_r4_9z.csv,source_recovery_resume_conditions_r4_9z.csv,unknown,21,12,29553,False,present,,,0.0,5b704bc85baa7672893a5a92e91a6b510f4580d3baf9d1dc90e6c15d68c89d9d
data/review_queue/sources_still_blocked_r4_9g.csv,sources_still_blocked_r4_9g.csv,unknown,16,11,22972,False,present,,,0.0,d775254b6ee8826d4463f68162143bb57c50202cca51d5befb2492c2037a690a
data/review_queue/sources_still_blocked_r4_9h.csv,sources_still_blocked_r4_9h.csv,unknown,16,11,23251,False,present,,,0.0,8e8ac1b0e28ae1463f890cf263b51fd33214729b02bed3881695881c2d76d1d4
data/review_queue/sources_still_blocked_r4_9h2.csv,sources_still_blocked_r4_9h2.csv,unknown,16,11,22980,False,present,,,0.0,dff73e94cd792cb1267d6493f3c5244d7952f52d99bf9e55c6ed556708de9ca4
data/review_queue/suspect_entity_collapses.csv,suspect_entity_collapses.csv,unknown,18,14,3173,False,present,,,0.0,0f7a32ffa1a6b650c1f9cd560d29d5c63e6cb356a3c4499dd638dd47c7474d2b
data/review_queue/unfreeze_candidates_r4_9f.csv,unfreeze_candidates_r4_9f.csv,unknown,5,10,6891,False,present,,,0.0,e79dd76d03bb59c238e77c9f4b407170f2889168e378072298875991456c07eb
data/review_queue/unfreeze_trigger_conditions_r4_9e.csv,unfreeze_trigger_conditions_r4_9e.csv,unknown,21,12,26568,False,present,,,0.0,b26e9fcfae98dc8098b2902ed454672822cc4bf353a5ef3efb790b6fbdc9d98d
data/review_queue/unresolved_endpoint_failures_r4_8d.csv,unresolved_endpoint_failures_r4_8d.csv,unknown,9,6,1595,False,present,,,0.0,82b33a90c16ca2a9ebf8e1b4286bf3d414255b5ff3acf502111be3b5b73506b8
data/review_queue/unresolved_producer_failures_r4_8d.csv,unresolved_producer_failures_r4_8d.csv,unknown,5,7,1404,False,present,,,0.0,6b2aa03bc301b401931304bb8dca90c1ac788a20b24c6240a1eb25d3e684bad3
data/review_queue/unresolved_schema_failures_r4_8d.csv,unresolved_schema_failures_r4_8d.csv,unknown,0,7,96,True,empty_or_header_only,,,,8a7a02879f43014aa2d695a55e3fdb308bd0caa91d548085cf70fb55725dadb0
data/sources/federal_publications.jsonl,federal_publications.jsonl,unknown,,,2677002,False,error,,,,92a08f1b97d7248dce04a49847a066504cc7c9111b5e79810b38219f5b3a8b51
data/staging/expansion/expansion_dod_upr_2001_2015.csv,expansion_dod_upr_2001_2015.csv,unknown,100,19,38919,False,present,,,0.0,4cde3e31b4caaab6d74c4dbd3024b0160b9e32cecab2923c3b2c5fa6362da7b8
data/staging/expansion/expansion_dod_upr_2016_2025.csv,expansion_dod_upr_2016_2025.csv,unknown,300,19,93253,False,present,,,0.0,34ec1a6ca9aa71ec335cc1a27e850bdb1ea521857eefdc1ba36997a8ce0fc23b
data/staging/expansion/expansion_fpds_2005_2008_direct.csv,expansion_fpds_2005_2008_direct.csv,unknown,1800,19,530056,False,present,,,0.0,2c56b5f978c6950a620d277ab1e0a1b6f852016a1f192688f3804a14242dbc00
data/staging/expansion/expansion_fpds_2005_2008_vendor.csv,expansion_fpds_2005_2008_vendor.csv,unknown,2700,19,729604,False,present,,,0.0,437a97bb2d7e5af4fb560c634c842808f6d37422b03ce555fedeccc61710c45f
data/staging/expansion/expansion_fpds_2009_2016_direct.csv,expansion_fpds_2009_2016_direct.csv,unknown,500,19,149700,False,present,,,0.0,bcaa46894e26a9497cd1b64b62faf9b8491440871b6eede95d05dc6551cd2a8c
data/staging/expansion/expansion_fpds_2009_2016_vendor.csv,expansion_fpds_2009_2016_vendor.csv,unknown,200,19,58553,False,present,,,0.0,223533b1dff9b5ecc4d28616624702281abfa973b2993a55399e6e10fd3123dd
data/staging/expansion/expansion_fpds_2017_2025_direct.csv,expansion_fpds_2017_2025_direct.csv,unknown,1100,19,347140,False,present,,,0.0,07064d1fd90aa9f2f9c94024cdab3990f9618b7e14d97d9abfffd5bd5987ee19
data/staging/expansion/expansion_fpds_2017_2025_vendor.csv,expansion_fpds_2017_2025_vendor.csv,unknown,400,19,123937,False,present,,,0.0,4ad2efa7c8efd336d5c149efdff2e57d96612addf644e466429f1ddb00814a6d
data/staging/expansion/expansion_reconstruction_2017_2025.csv,expansion_reconstruction_2017_2025.csv,unknown,200,19,96296,False,present,,,0.0,1feefbdfcdf6d10b2d5bb71cb53b65192b6f226e6f86d583ce1dd72a6f8a7124
data/staging/expansion/manifest.json,manifest.json,unknown,13,8,5695,False,present,,,,9b8fa1cf46bf42eee611517b14369ff759f721bd86ae8fbb363322f335bddb01
data/staging/processed/dominance_summary.json,dominance_summary.json,unknown,14,14,1433,False,present,,,,c88f7a15af5749571e23249aee587c6246a56039408bd6d176c12432e33cc7c3
data/staging/processed/entities_resolved.csv,entities_resolved.csv,sam_entities,2372,13,520667,False,present,,1.0,0.0,88842d9ec2bc9c035d8581f230d94b70044608ad581edecdf0d1cfa9b6e8bedd
data/staging/processed/execution/execution_chain_master.csv,execution_chain_master.csv,usaspending_subawards,5989,20,1439423,False,present,,,0.0,98a18bcb0de461c82d130ddd10a2da66c8c028220b0c64204529146ef41235f3
data/staging/processed/execution/execution_chain_per_asset.csv,execution_chain_per_asset.csv,unknown,0,0,0,True,empty_or_header_only,,,,e3b0c44298fc1c149afbf4c8996fb92427ae41e4649b934ca495991b7852b855
data/staging/processed/execution/execution_chain_per_municipality.csv,execution_chain_per_municipality.csv,unknown,1,6,154,False,present,,,0.0,c7e66db39158258393b0f379bd7018952bfbc83c386b4eedd647b3c104f43a55
data/staging/processed/execution/execution_chain_review_queue.csv,execution_chain_review_queue.csv,unknown,5615,20,1348516,False,present,,,0.0,ed3f090ff67b14731a4450800ae986ba0081698fd904ca862aa51a3fa7dd7a67
data/staging/processed/graph/entity_edges.csv,entity_edges.csv,unknown,144,7,13312,False,present,,,0.0,126e92c41d21e408b91b69963981837408632be52954f9e64a4414d24dc8532f
data/staging/processed/graph/network.graphml,network.graphml,unknown,,,39521,False,present,,,,881ad881ed18d60da14221f288b719ee498513930fa87a24aefb15aef0f3b28a
data/staging/processed/graph/network_summary.json,network_summary.json,unknown,12,12,824,False,present,,,,dd32e835b46fba2a5067f643406a19bfafbb8ff951ef006bdf53468b2d471a62
data/staging/processed/graph/top_nodes.csv,top_nodes.csv,unknown,26,7,1493,False,present,,,0.0,c2cef94e61b262a940324e8bd6afcbd1dbd8cfed61db1d1beee53755e61b157a
data/staging/processed/high_value_unresolved.csv,high_value_unresolved.csv,unknown,1104,13,262989,False,present,,1.0,0.0,a06404bbe42b26e8d1928e024aa4ad2da8119b6fdfab031d0fa435955cda54c2
data/staging/processed/lda_registrants.csv,lda_registrants.csv,lda,17369,16,4685980,False,present,,1.0,0.0,4a89cd86161ec77dca5471c59a277ab8809caa582c29c2ed496d306a37f98e60
data/staging/processed/normalized_expansion_dod_upr_2001_2015.csv,normalized_expansion_dod_upr_2001_2015.csv,unknown,100,21,42221,False,present,,1.0,0.0,e1329d34c910804d36b6b8e23da2cf762558c5dc9823deab0753d5b96e21f730
data/staging/processed/normalized_expansion_dod_upr_2016_2025.csv,normalized_expansion_dod_upr_2016_2025.csv,unknown,300,21,103155,False,present,,1.0,0.0,d7bd31f07bd10e132233b0c18efd51c6d1fcf900c3ecf91594147fc8da8cec5f
data/staging/processed/normalized_expansion_fpds_2005_2008_direct.csv,normalized_expansion_fpds_2005_2008_direct.csv,unknown,1800,21,596658,False,present,,1.0,0.0,e3b1bfcff5f0e03a83b77271340af37c11a04af3388617b4d065040e9b1657ef
data/staging/processed/normalized_expansion_fpds_2005_2008_vendor.csv,normalized_expansion_fpds_2005_2008_vendor.csv,unknown,2700,21,829506,False,present,,1.0,0.0,fb6841832105eb31df3384fbb1d6aabc4cd25a566d302ed084255ac62fa8ea50
data/staging/processed/normalized_expansion_fpds_2009_2016_direct.csv,normalized_expansion_fpds_2009_2016_direct.csv,unknown,500,21,168202,False,present,,1.0,0.0,4354b72e2231191315fa23f81add912fcbb22f8a13114a6fbe9d4f63d889f85f
data/staging/processed/normalized_expansion_fpds_2009_2016_vendor.csv,normalized_expansion_fpds_2009_2016_vendor.csv,unknown,200,21,65955,False,present,,1.0,0.0,3ed79e5a67e58eabf0c4af8b30862ed2c76a7e402e8dbf62f5c5e34130d82bee
data/staging/processed/normalized_expansion_fpds_2017_2025_direct.csv,normalized_expansion_fpds_2017_2025_direct.csv,unknown,1100,21,387842,False,present,,1.0,0.0,600f36294176aa78f003d78d29a32e736a153c2c20588587bb4a50aa3deaa0d2
data/staging/processed/normalized_expansion_fpds_2017_2025_vendor.csv,normalized_expansion_fpds_2017_2025_vendor.csv,unknown,400,21,138739,False,present,,1.0,0.0,8a907040e34a6596dc8f3c996febea5fded01d5b32ef5a3c80907aaf81e83dea
data/staging/processed/normalized_expansion_reconstruction_2017_2025.csv,normalized_expansion_reconstruction_2017_2025.csv,unknown,200,21,104298,False,present,,1.0,0.0,c1612a631270637928fb6db79cbd281277919333a7a5e1e20cf2ed03e9b10373
data/staging/processed/parent_conflict_queue.csv,parent_conflict_queue.csv,unknown,0,0,0,True,empty_or_header_only,,,,e3b0c44298fc1c149afbf4c8996fb92427ae41e4649b934ca495991b7852b855
data/staging/processed/pr_all_awards_summary.json,pr_all_awards_summary.json,usaspending_prime,10,10,2800,False,present,,,,0ccea1ba1d90c924bf4ec1c9aecdc0268b1d0a361ca62d8a3faa763606130650
data/staging/processed/pr_cdbg_dr_master.csv,pr_cdbg_dr_master.csv,hud_cdbg_dr_public,3808,14,2707911,False,present,,1.0,0.0,18e33b1d79024e302d6e0f1ae272c3dcd621b6ae70316857289b886a4089404e
data/staging/processed/pr_contracts_master.csv,pr_contracts_master.csv,usaspending_prime,5147,21,1780406,False,present,,1.0,0.0,e60d86e43c1004fd96361a111ece9eb0209d7db44e08f6084b843b1ed1a52b9b
data/staging/processed/pr_cor3_projects.csv,pr_cor3_projects.csv,cor3,0,11,146,True,empty_or_header_only,,,,0c9eb91263e51edf80343e2d93ef4de37b770a3997b46604df344a6a784fabfa
data/staging/processed/pr_emma_bonds.csv,pr_emma_bonds.csv,emma_bonds,20,15,5444,False,present,,,0.0,66b8ed22487f59fbfd74a6d3d208621904926d81811127459e45edef5096c9bc
data/staging/processed/pr_emma_underwriters.csv,pr_emma_underwriters.csv,emma_bonds,15,7,1290,False,present,,,0.0,b6da6acf3f6c866bd8a47dcb6d92e0ccce4130e543fc4af5ec7e7a423025103e
data/staging/processed/pr_fema_hmgp_master.csv,pr_fema_hmgp_master.csv,fema_hmgp,0,14,189,True,empty_or_header_only,,,,0e97d455e15af27ad3b473e72ac1cf71af35ed728e286cad81efd5fcbc97793c
data/staging/processed/pr_fema_pa_master.csv,pr_fema_pa_master.csv,fema_pa_openfema_v2,2000,14,419789,False,present,,,0.9965,ecd61132f99f8810b3d33d976752fcc7f4e25db28370d3f9a33056363f4afd09
data/staging/processed/pr_fsrs_subawards.csv,pr_fsrs_subawards.csv,fsrs_subawards,5989,14,1060485,False,present,,1.0,0.0,c8ea45ab950b021a93ce0046abeda39aa42d120f1214cc12c97f7bae922989f1
data/staging/processed/pr_lda_filings.csv,pr_lda_filings.csv,lda,2670,19,862719,False,present,,1.0,0.0,14da3e6e4b2b68dc975946d08d752e94719eccd0443cdb76f6acbb143dcd8d72
data/staging/processed/pr_power_network_summary.json,pr_power_network_summary.json,unknown,11,11,4913,False,present,,,,1da28a72b748afe1c6464cb52c6be465bf3b75bc98602c7ce7fe20df76e12455
data/staging/processed/pr_prime_sub_summary.json,pr_prime_sub_summary.json,unknown,12,12,7736,False,present,,,,88132727a4cdd21a32c40c65e210b0c7ed980c58cdf61fedff0bb85822944884
data/staging/processed/pr_subawards_master.csv,pr_subawards_master.csv,usaspending_subawards,5989,17,1398753,False,present,,1.0,0.0,276d2675ecb2946c8a970dd216388280916d21d4bb2bbabd5f831d85c41cfb59
data/staging/processed/risk/entity_risk_scores.csv,entity_risk_scores.csv,unknown,1,8,267,False,present,,1.0,0.0,cf56c39a1a0381cc619abd9fa8cdb579773b59ea7cbc7558176db409e4cd40f6
data/staging/processed/risk/municipality_risk_scores.csv,municipality_risk_scores.csv,unknown,2,7,210,False,present,,,0.0,fff94167322d4c2f845c944f3cf4072b1b922574183c390ad5c8b3ce417e02f7
data/staging/processed/risk/project_risk_scores.csv,project_risk_scores.csv,unknown,1,12,238,False,present,,,0.0,8bf7abc21dea8589eec65ba686da57da2ba547d25ed7d39ee5e19253e283aa44
data/staging/processed/risk/risk_signals_master.csv,risk_signals_master.csv,unknown,5,14,1394,False,present,,1.0,0.0,ed2e05587c7c2239ae770416f5a08996bf1115c6ae3029791bd5c147ee017720
data/staging/processed/vendor_targets.csv,vendor_targets.csv,unknown,1458,3,59368,False,present,,1.0,0.0,6a4a7acfe3ec493ea732d3167f6252534e432800b62cac0b386b50053838246d
data/staging/raw/cdbg_dr/cdbg_dr_usaspending.csv,cdbg_dr_usaspending.csv,hud_cdbg_dr_public,3805,12,2856106,False,present,,,0.0,8f8725e16293c9e8cd768744cbd148ef173396bee4e871fecdc4130f12f98914
data/staging/raw/emma/pr_emma_securities_raw.csv,pr_emma_securities_raw.csv,emma_bonds,1,1,12,False,present,,,0.0,4e5c59bf9c81c36d4b83e04a57216b6ce6e8737939cc846244369c982c19868b
data/staging/raw/fema_hmgp/fema_hmgp_raw.csv,fema_hmgp_raw.csv,fema_pa_openfema_v2,0,0,1,True,empty_or_header_only,,,,01ba4719c80b6fe911b091a7c05124b64eeece964e09c058ef8f9805daca546b
data/staging/raw/fema_pa/fema_pa_raw.csv,fema_pa_raw.csv,fema_pa_openfema_v2,2000,25,682723,False,present,,,0.0,88463c6dceff406511de43cf3c8713ee9044fc9dccca83562bcb82fa73f4df38
data/staging/raw/lda/lda_pr_filings.csv,lda_pr_filings.csv,lda,2674,17,834838,False,present,,1.0,0.0,f149164efc173dcbcb7a36fbd0b2b13bdc2edcd529fe10774d51868963e0e68c
data/staging/raw/subawards/subawards_contracts_2000f2009.csv,subawards_contracts_2000f2009.csv,usaspending_subawards,0,17,259,True,empty_or_header_only,,,,e8e13aeb33e0893d15a282a16a4c202e0aeb51b7a6de83fc65fd022435f7a39b
data/staging/raw/subawards/subawards_contracts_2010f2017.csv,subawards_contracts_2010f2017.csv,usaspending_subawards,350,17,79481,False,present,,1.0,0.44571428571428573,f19a5053d188da892ea2bfdfdafbcff1e6d7cd0b9d3fde6e367d885fd1af5c2f
data/staging/raw/subawards/subawards_contracts_2018f2022.csv,subawards_contracts_2018f2022.csv,usaspending_subawards,605,17,148832,False,present,,1.0,0.5636363636363636,1e932a79f1155969d60c9b393aec0cc431722e591eda8c717e914e3c6002ae2f
data/staging/raw/subawards/subawards_contracts_2023f2026.csv,subawards_contracts_2023f2026.csv,usaspending_subawards,150,17,34287,False,present,,1.0,0.38666666666666666,921ed92fcd23fb03046e0bf84a7149f183ace080318902bea803cb43dddf4366
data/staging/raw/subawards/subawards_grants_2000f2009.csv,subawards_grants_2000f2009.csv,usaspending_subawards,0,17,259,True,empty_or_header_only,,,,e8e13aeb33e0893d15a282a16a4c202e0aeb51b7a6de83fc65fd022435f7a39b
data/staging/raw/subawards/subawards_grants_2010f2017.csv,subawards_grants_2010f2017.csv,usaspending_subawards,4748,17,1108484,False,present,,1.0,0.5377000842459984,cc358613a362e8776ada9ccd23325cba26769717917d74d44f7f1f4a5dbd8280
data/staging/raw/subawards/subawards_grants_2018f2022.csv,subawards_grants_2018f2022.csv,usaspending_subawards,5512,17,1305754,False,present,,1.0,0.4375907111756168,d06fa1daa865e3636dd932ac815486cb22ca39ac0e96c7c137f7083d13a77601
data/staging/raw/subawards/subawards_grants_2023f2026.csv,subawards_grants_2023f2026.csv,usaspending_subawards,200,17,49064,False,present,,1.0,0.02,a0e88a89a46cf1e2fa27e76fb882eadaed2d3bc3091438edd478327add21f456
data/watchlists/epstein_pr_case/EP_PR_PRBank_Summary_ByAccount.csv,EP_PR_PRBank_Summary_ByAccount.csv,unknown,5,3,236,False,present,,,0.0,e7c115e152f1e1e11ae889f4b8e984e6ca322e53db2a2848a0a1626192c880ef
data/watchlists/epstein_pr_case/EP_PR_PRBank_Summary_ByEntity.csv,EP_PR_PRBank_Summary_ByEntity.csv,unknown,9,3,504,False,present,,,0.0,ce7134c43ef1eb1d5d0a257a21fb1fc8d16b130d918881cef6dcdd24b10bf3f9
data/watchlists/epstein_pr_case/EP_PR_PRBank_Summary_ByYear.csv,EP_PR_PRBank_Summary_ByYear.csv,unknown,2,3,113,False,present,,,0.0,ef545755e3099b1b35bcd2efa144b2d7c84625916da10a46fa3682351ee831dd
data/watchlists/epstein_pr_case/EP_PR_PRBank_Wire_Ledger_ALL.csv,EP_PR_PRBank_Wire_Ledger_ALL.csv,unknown,9,11,2238,False,present,,,0.0,ac7b747039a2de9361b9bc42732d931f25ed59b68262750578857b17d36aa688
registries/endpoint_candidates.json,endpoint_candidates.json,unknown,3,3,11952,False,present,,,,b27385de69762a2f3ecfa1635f7e024ef153563f53335c0922ff24c0dded1a78
registries/manual_export_registry.json,manual_export_registry.json,unknown,3,3,8515,False,present,,,,2d612fb240d001aceff232e2f1e8e5c40f4a3b7b104b1d1afe4f1415d083dc92
registries/schema_registry.json,schema_registry.json,unknown,5,5,34326,False,present,,,,3991f8b4504e98136e9ec75bfad4609132635b561b4b044be21cecbb7e6264c6
registries/schema_registry_extensions/legislapr_legislative_measure.json,legislapr_legislative_measure.json,unknown,3,3,2927,False,present,,,,8c79e366f265560350adc4ed5005d178b39b3462b31409d4367d61ba914f49f8
registries/source_registry.json,source_registry.json,unknown,3,3,90077,False,present,,,,3f7171b1f6d426958876a7a6ec426a37b8c470a3611db989a4721a0c5b0565da
registries/source_registry_extensions/nara_nextgen.json,nara_nextgen.json,unknown,6,6,2069,False,present,,,,3ea848c75781b144badf02032e5cfe4a5eef17456003a694a410f883e3b50be0
registries/watchlists/epstein_pr_case.json,epstein_pr_case.json,unknown,11,11,2327,False,present,,,,ad5b687883e19cd9c1846d7a70256589446c164f5c28039059721f68603207e5
